n1,n2,n3,n4,eng
8chich,,,,fragile
cha3l,,,,angry
DaSr,,,,naughty
moudmin,modmin,moudmine,,addicted
ghabyy,ghaby,,,stupid
mkllkh,mkallakh,mkellekh,mkallekh,stupid
mjllj,mjellej,mjallaj,mjallej,stupid
kbir,kabir,,,big
sghir,saghir,,,small
m8rrs,mhrrs,m8arras,m8erras,broken
momill,,,,boring
Sl3,Sla3,Sle3,,bald
ghliD,,,,fat
Tebbouz,Tebbouzi,,,fat
r9i9,rqiq,,,thin
Twil,Twel,,,tall
9Sir,9ssir,,,short
zwin,,,,beautiful
bogos,,,,handsome
khayb,khayeb,5ayb,,ugly
8bil,hbil,,,crazy
hme9,,,,crazy
mSTTi,mSaTTi,mSeTTi,,crazy
3aamr,aamr,3amer,3amr,full
jdid,,,,new
9dim,qdim,,,old
charf,chaarf,,,old
S3ib,,,,hard
9as7,9aas7,,,hard
sa8l,sahl,,,easy
m3TTl,m3eTTel,m3aTTel,m3Tal,late
7a9i9ia,haqiqia,,,real
3adi,,,,normal
gadd,,,,able
bsiT,basiT,,,simple
m399d,m3a99ad,m3e99ed,m3a99ed,complex
t9il,tqil,,,slow
t9il,tqil,,,heavy
was3,waas3,wase3,wasa3,wide
nachT,nacheT,,,happy
n9i,nqi,,,clean
khayb,khayeb,5ayb,,bad
3aadil,3adil,,,fair
ghany,ghani,,,rich
fa9ir,faqir,,,poor
Tabi3i,Taby3i,,,natural
mfrou9,mafrou9,mefro9,mafro9,separate
mch8our,mech8our,mch8or,mach8our,famous
fr7an,far7an,fer7an,farhan,glad
dourijin,dorijin,,,original
khayf,5ayf,khayef,5ayef,afraid
Dakhm,Da5m,,,huge
3imla9,,,,giant
za8i,zaa8i,zahi,zaahi,cheerful
fakhour,fakhor,fa5our,fa5or,proud
raDi,raaDi,,,satisfied
7azin,hazine,,,sad
nadm,naadm,naadem,,regretful
mkta2b,mkta2b,mekta2eb,mekta2ab,depressed
mskin,meskin,maskin,miskin,miserable
mrta7,merta7,marta7,,comfortable
mchghoul,mchghol,mechghoul,machghoul,busy
mchTon,mchToun,mechTon,machToun,worried
m3SSb,m3eSSeb,m3aSSab,m3aSSeb,nervous
mochaghib,mochaaghib,,,troublemaker
ghDban,ghaDban,gheDban,,angry
mrg,mreg,mrag,,embarrassed
7chman,7echman,7achman,,shy
kalm,calm,,,calm
wa7id,wa7yd,wahid,,lonely
mnba8er,mnba8ar,mnba8r,menba8ar,amazed
mstghrb,msteghreb,mstaghreb,mestaghreb,astonished
mchoki,,,,shocked
mrwwn,mrewwen,mrawwen,,confused
mtredded,mtradded,mtraddad,,hesitant
3yyan,3eyyan,,,tired
Tmma3,Tamma3,Temma3,,greedy
anani,anaani,,,selfish
skhi,s5i,,,generous
s9ram,se9ram,,,stingy
bakhil,ba5il,,,stingy
Drief,Drayaf,Drayef,Dryef,kind
Sbbar,Sabbar,,,patient
m2ddb,m2ddeb,m2eddeb,m2addeb,polite
m3gaz,me3gaz,ma3gaz,,lazy
mojta8id,mojtahid,moujta8id,,hardworking
choja3,chojaa3,,,brave
za3em,zaa3em,za3m,,brave
fDoli,fDouli,,,curious
mghrour,mghror,,,arrogant
mtwaD3,metwaDe3,mtwaDa3,,humble
ja8il,jaa8il,jahil,,ignorant
3abiT,,,,silly
dki,,,,smart
7akim,hakim,,,wise
nabigha,naabigha,,,genius
amine,,,,trustworthy
kddab,keddab,kaddab,,liar
ghddar,gheddar,ghaddar,,betrayer
nSSab,neSSab,naSSab,,swindler
nyya,nia,nya,,naive
mtfa2l,mtfa2el,motafa2il,,optimistic
mtcha2m,mtcha2em,motacha2im,,pessimistic
komik,comic,,,funny
ytim,yatim,itym,ytym,orphan
7amla,hamla,,,pregnant
ijabi,,,,positive
silbi,,,,negative
waa9i3i,wa9i3i,,,realistic
tay3yyef,tay3yyf,kay3iyyef,kay3yyaf,disgusting
tay3adi,kay3adi,,,contagious
3ma,,,,blind
Smk,Smek,Smak,,deaf
zizoun,zizon,,,mute
mchllel,mchallal,mchellal,mchallel,paralyzed
mo3wwa9,mo3a9,mo3aa9,,handicapped
3agr,3ager,3agar,,sterile
mj8oul,mj8ol,mjhoul,,unknown
m9boul,ma9boul,m9bol,,acceptable
m39ol,m39oul,,,reasonable
mn7az,men7az,ma7az,mn7aaz,biased
mo7ayid,mo7aayid,,,neutral
waaD7,waaDe7,,,clear
mojrim,moujrim,,,criminal
9ttal,9ettal,,,murderer
ghali,,,,expensive
rkhiS,,,,cheap
ga3,,,,all
lkhrin,khrin,,,other
zwin,,,,good
lkher,,,,last
b7al,,,,same
sghir,,,,little
mghyyer,,,,different
lli mora,,,,next
3aDim,,,,great
ma7lli,ma7alli,,,local
jtima3i,jtimaa3i,,,social
mo8im,mohim,mohimm,,important
waTani,,,,national
3aali,3ali,,,high
Twil,,,,long
ttani,tani,,,second
waas3,was3,,,large
3aamm,3amm,,,general
momkin,moumkin,,,possible
chaabb,,,,young
syasi,siasi,siyasi,,political
3omoumi,3omomi,,,public
mo7ddad,,,,particular
mojoud,mojod,,,available
bkri,bekri,,,early
asaasi,asasi,,,main
ra2isi,,,,major
9tiSadi,i9tiSadi,,,economic
mo2kkad,,,,sure
ghaliban,ghaaliban,,,likely
wa7id,wa7iid,,,only
dawli,,,,international
m2kked,mo2kkad,,,certain
mo3yyan,,,,certain
momyyaz,,,,special
S3ib,,,,difficult
m7loul,,,,open
kollchi,,,,whole
neSS,,,,half
7orr,,,,free
markazi,,,,central
mochtarak,,,,common
cha2i3,chaa2i3,,,common
mtchab8,,,,similar
Darouri,Darori,,,necessary
S7i7,,,,true
3aazib,3azib,,,single
wa7id,,,,single
khaSS,khaaSS,,,private
chkhSi,chekhSi,chakhSi,,personal
maali,,,,financial
ajnabi,,,,foreign
chdid,,,,strong
naa9S,,,,low
mtnwwe3,mtnowwe3,,,various
7aaDir,7aDir,,,present
malaki,,,,royal
khaT2,khaTi2,khaaT2,,wrong
bo7do,,,,individual
7aali,7ali,,,current
9aanouni,9anouni,9anoni,,legal
7adit,,,,modern
lkher,llekher,,,final
zwin,,,,nice
mzyan,mzian,mezian,,fine
9rib,,,,close
m39ol,m39oul,,,serious
saabi9,sabi9,,,previous
mo3tabar,,,,significant
ra2is,,,,prime
Sinaa3i,Sina3i,,,industrial
mo7ddad,,,,specific
monaasib,monasib,,,appropriate
3aali,,,,top
myyet,,,,dead
mt2ssef,,,,sorry
naaj7,naj7,,,successful
7rbi,7arbi,7erbi,,military
asaasi,asasi,,,basic
wa3i,waa3i,,,aware
mch8our,mch8or,,,popular
mi8ani,,,,professional
mobachir,mobaachir,,,direct
mofid,,,,useful
f33al,f33aal,,,effective
wajd,,,,ready
mDllem,mDellem,mDallem,,dark
mosta9ill,,,,independent
t9lidi,,,,traditional
ghrbi,gherbi,gharbi,,western
mo3tabar,,,,considerable
bard,baard,,,cold
ms2oul,ms2ol,,,responsible
kaml,kaaml,,,complete
Tibbi,,,,medical
skhoun,skhon,,,hot
mo8imm,mohimm,,,essential
dakari,,,,male
awwali,,,,primary
madani,,,,civil
most9bali,,,,future
by2i,bi2i,,,environmental
waD7,,,,obvious
lkbir,,,,senior
nawawi,,,,nuclear
sanawi,,,,annual
jihawi,ji8awi,,,regional
tijari,tijaari,,,commercial
llekher,,,,latter
taTbi9i,,,,practical
3ami9,,,,deep
rsmi,rasmi,resmi,,official
ra2isi,,,,chief
montaDim,,,,regular
m2louf,m2lof,,,usual
zayd,,,,additional
nachT,,,,active
standar,,,,standard
9wi,,,,powerful
wasaT,wsT,,,middle
gddami,,,,front
mosta7il,,,,impossible
mnzili,,,,domestic
fi3li,,,,actual
ti9ni,,,,technical
3adi,3aadi,,,ordinary
dakhili,daakhili,,,internal
momtaz,momtaaz,,,excellent
Tri,,,,fresh
b3id,,,,far
mo7tamal,,,,potential
chamali,,,,northern
dini,dyni,diini,,religious
ta9afi,ta9aafi,,,cultural
mochtarak,,,,joint
bo7do,,,,alone
aamin,2aamin,,,safe
mo7afiD,mo7aafiD,,,conservative
chkli,,,,formal
monasib,,,,proper
bzzaf,,,,very
9arawi,,,,rural
mbda2i,,,,initial
maghaddch,,,,unable
mo3ddal,,,,average
dafi,daafi,,,warm
ghrib,gharib,,,strange
mola2im,molaa2im,,,suitable
m7bob,m7boub,,,lovely
fawri,,,,immediate
ijmali,ijmaali,,,overall
msawi,,,,equal
kafi,,,,sufficient
dimo9raTi,dimou9raaTi,,,democratic
chr9i,cher9i,char9i,,eastern
8adi2,8aadi2,,,quiet
t3limi,t3liimi,,,educational
S7i7,,,,correct
3ilmi,,,,scientific
ontawi,,,,female
39li,,,,mental
khaTir,,,,dangerous
7arij,,,,critical
mDobl,mDoubl,,,double
sri3,,,,quick
mamo7tamalch,,,,unlikely
m2lof,m2louf,,,familiar
tarikhi,taarikhi,,,historical
janoubi,janobi,,,southern
mitaali,mitali,,,perfect
mSro3,mSrou3,,,perfect
yawmi,,,,daily
mota7rrir,,,,liberal
liberali,,,,liberal
7aDari,,,,urban
fogani,fo9ani,,,upper
bayn,bayen,,,apparent
khaD3,khaaD3,,,subject
sghiwwer,sghiwwr,,,tiny
mDwwi,mDoowi,,,bright
akhla9i,akhlaa9i,,,moral
badil,badiil,,,alternative
jddab,,,,attractive
radd lbal,,,,careful
7ayawi,,,,vital
8amaji,,,,wild
khawi,,,,empty
damawi,,,,bloody
khariji,,,,external
charf,,,,elderly
nisbi,,,,relative
9dim,,,,ancient
mkhtaSr,mkhtaSer,,,brief
gadd,9add,,,capable
namoudaji,,,,typical
mtisse3,mtiss3,,,broad
mDyye9,,,,narrow
kollo,,,,entire
ra2i3,raa2i3,,,wonderful
tabt,,,,constant
mitali,mitaali,,,ideal
akadimi,,,,academic
9aaser,9aaSir,,,minor
mamo8immch,,,,minor
was3,,,,vast
naadir,nadir,,,rare
7aadd,,,,severe
asaasi,asasi,,,fundamental
daym,,,,permanent
ra8ib,ra8iib,,,terrible
mriD,,,,ill
ghliD,,,,thick
maSiri,maSiiri,,,crucial
daakhili,dakhili,,,inner
taab3,,,,subsequent
mo3aSir,mo3aaSir,,,contemporary
kbir,,,,grand
sab9,,,,prior
taanawi,tanawi,,,secondary
fchkel,fchkl,fchkal,,odd
8a2il,8aa2il,haa2il,,massive
bo7do,,,,unique
7aadd,,,,sharp
mriD,,,,sick
choyou3i,,,,communist
Saafi,,,,net
mTwwel,,,,long-term
modnib,,,,guilty
chaamil,chamil,,,extensive
Dakhm,,,,enormous
7yy,7eyy,7ayy,,alive
zira3i,ziraa3i,,,agricultural
ra2isi,,,,principal
f33al,f33aal,,,efficient
mz8ar,mz8aar,,,lucky
3orfi,,,,conventional
taTwwo3i,taTawwo3i,,,voluntary
dramatiki,,,,dramatic
mo299at,mow99at,,,temporary
da8abi,,,,golden
7ibbi,,,,friendly
m3tamd,,,,dependent
tanafosi,tanaafosi,,,competitive
jdri,jedri,jadri,,radical
7ssas,7essas,,,sensitive
kharj,khaarij,khaarj,5arj,outside
msTT7,mseTTa7,msaTTe7,msaTTa7,flat
3aaTifi,3aTifi,,,emotional
khaT2,khaaTe2,,,false
monasib,monaasib,,,adequate
Si77i,,,,healthy
chaamil,chamil,,,global
sri3,,,,rapid
idaari,idari,,,administrative
skkouti,skkoti,,,silent
l7dd,l7edd,,,maximum
D3if,,,,weak
ml7ouD,,,,remarkable
sirri,,,,secret
3ziz,,,,dear
jama3i,,,,mass
fazg,faazg,,,wet
9as7,9ase7,,,solid
mota2lli9,mt2elle9,mt2alla9,,brilliant
electroni,iliktroni,elektroni,,electronic
moTla9,,,,absolute
kaytchaf,,,,visual
tlkhcheb,tlkhchab,,,wooden
Saarim,Sarim,,,firm
tDDo,,,,electric
kimya2i,,,,chemical
saami,sami,,,supreme
adabi,,,,literary
khaaliS,,,,pure
9as7,9aas7,,,rough
mojrrad,,,,mere
aSiil,,,,genuine
a9Saa,a9Sa,,,extreme
ba8t,,,,pale
mntachr,mentacher,mntacher,,widespread
katoliki,catoliki,,,catholic
klasiki,classiki,,,classical
mofDDal,,,,favorite
chtiraki,,,,socialist
3rram,,,,numerous
7lo,7low,7lou,,sweet
mkhtalf,mkhtalef,,,distinct
tay9,,,,confident
Dedd,,,,opposite
mofid,,,,helpful
S3ib,,,,tough
mtnas9,mtnase9,,,consistent
sri3,,,,fast
msta9err,msta9arr,,,stable
goud,,,,straight
kaykhle3,,,,awful
stratiji,,,,strategic
momtaz,,,,outstanding
kliniki,,,,clinical
a9all haja,a9all 7aja,,,minimum
wa3i,waa3i,,,conscious
msyTer,msiTer,,,dominant
bard,,,,cool
dostouri,dostori,,,constitutional
ghDban,gheDban,ghaDban,,mad
naDari,,,,theoretical
m8moum,mhmoum,m8mom,,anxious
mo9ddas,,,,holy
sakani,,,,residential
monasib,monaasib,,,fit
7eyy,7ayy,,,live
las9,,,,accurate
mousi9i,mosi9i,,,musical
fo9 l3ada,faw9 l3ada,fo9 l3aada,,extraordinary
khari9 lil3ada,khar9 ll3ada,,,extraordinary
nazih,nazi8,,,honest
d9i9,,,,precise
bayn,,,,visible
9lil,,,,slight
dyal lflous,,,,monetary
3an bo3d,,,,remote
Sari7,Sarii7,,,plain
b3id,,,,distant
chomour,chomor,,,unemployed
mchomer,mchomr,,,unemployed
wagf,,,,still
Drief,Driyef,,,gentle
nefsi,nfsi,,,psychological
SSghir,,,,junior
mles,,,,smooth
3anif,3aniif,,,violent
haykali,8aykali,,,structural
mdwwer,mdowwer,mdowwar,,round
7ssas,,,,sensible
mol99ab,,,,so-called
mttaSel,,,,continuous
9rib,,,,near
momtann,,,,grateful
zwin,,,,pretty
waD7,,,,evident
mawsimi,,,,occasional
momti3,,,,pleasant
kawni,,,,universal
zamil,,,,fellow
klasiki,,,,classic
mossekh,mmossekh,,,dirty
kaykaafe2,,,,equivalent
mrkhi,,,,loose
mobdi3,,,,creative
ni8aa2i,,,,ultimate
loghawi,,,,linguistic
taabt,tabt,,,steady
fikri,,,,intellectual
fa9d l2amal,,,,desperate
9aDaa2i,,,,judicial
tawri,,,,revolutionary
imbraTouri,,,,imperial
ghayr 9anoni,ghayr 9aanouni,ghayr 9aanoni,,illegal
khaam,,,,raw
khaariji,khariji,,,outer
ghayr rsmi,,,,informal
morr,marr,,,bitter
tjribi,,,,experimental
jama3i,,,,collective
kayt3awd,,,,frequent
rou7i,,,,spiritual
mcharji,,,,intense
taarikhi,tarikhi,,,historic
m39oul,m39ol,,,rational
mamnasbch,mamnasebch,,,inadequate
7add,,,,acute
mnTi9i,,,,logical
m9bol,,,,valid
osbou3i,,,,weekly
3chwa2i,,,,random
mtwaD3,,,,modest
mzyyer,mzayyar,mzeyyer,,tight
automatic,,,,automatic
na3s,na3es,,,asleep
dki,dky,,,clever
ms2oul,mes2oul,,,liable
motabaadal,motabadal,,,mutual
moDa3af,,,,multiple
ti9a,,,,reliable
bo7do,,,,sole
nnawa7i,,,,nearby
8aamichi,8amichi,,,marginal
mTab9,,,,identical
bDDbT,bDDebT,bDDabT,,exact
ntikhabi,,,,electoral
momyyiz,,,,distinctive
chafawi,,,,oral
3ryan,,,,bare
ri2aasi,ri2asi,,,presidential
3oDwi,,,,organic
bl7sab,,,,statistical
3ajil,3aajil,,,urgent
mrghoub,,,,desirable
7Sri,7eSri,,,exclusive
yawmi,,,,everyday
ra2i3,,,,superb
Saarim,,,,strict
mamtwe99e3ch,mamto99e3ch,,,unexpected
barii2,bari2,,,innocent
b7ri,be7ri,,,marine
romansi,,,,romantic
mSTane3,,,,artificial
mo2ssasati,,,,institutional
ra2i3,,,,magnificent
bioloji,biologi,,,biological
diplomasi,,,,diplomatic
monaasib,monasib,,,convenient
8a2il,8aa2il,,,tremendous
ra2smali,ra2smaali,,,capitalist
khddam,,,,functional
mikaniki,,,,mechanical
mobaachir,,,,straightforward
mami99ench,mamty99ench,,,uncertain
r9mi,,,,digital
mod8il,,,,spectacular
3odwani,,,,aggressive
3ryan,,,,naked
machi 3aadil,,,,unfair
mtfowwe9,,,,superior
kolla ch8er,,,,monthly
tchri3i,,,,legislative
iDafi,,,,spare
Sarii7,Sari7,,,explicit
mo2lim,,,,painful
mtab3,,,,successive
dki,,,,intelligent
m9lle9,m9alla9,m9ll9,,unhappy
jiini,,,,genetic
maDarorich,,,,unnecessary
mo2ttir,,,,influential
ghir,,,,just
hir,8ir,,,just
just,,,,just
ji3an,,,,hungry
mokttaf,,,,intensive
stiwa2i,,,,tropical
mowazi,mwazi,,,parallel
mabaynch,,,,subtle
2aamin,aamin,,,secure
lt7tani,,,,bottom
ra2i3,,,,marvelous
ftitaa7i,iftitat7i,,,preliminary
joz2i,,,,partial
a9all,,,,lesser
mosa3id,,,,assistant
3amoudi,3amodi,,,vertical
tdriiji,tdriji,,,progressive
9aarri,,,,continental
stitna2i,stitnaa2i,,,exceptional
kay3yyef,kay3yyf,,,nasty
raa9i,,,,elegant
mlmous,melmous,mlmos,,concrete
mo299at,,,,interim
ilzami,ilzaami,,,compulsory
mozmin,,,,chronic
kaytkhlleS,,,,payable
mn8aji,mnhaji,man8aji,,systematic
mawDou3i,moDo3i,mowDo3i,,objective
momyyiz,,,,characteristic
fazg,,,,damp
7ssas,,,,delicate
momill,,,,dull
si7ri,,,,magic
mnirvi,,,,upset
awwal,,,,premier
kayD77ek,,,,fun
ra2i3,,,,splendid
khddam,,,,operational
stichaari,stichari,,,advisory
bida2i,bidaa2i,,,primitive
idioloji,idyoloji,,,ideological
tiknoloji,,,,technological
ani9,,,,neat
mo3akis,,,,contrary
mlas9,,,,adjacent
3odwani,,,,hostile
mitli,,,,gay
2aamn,,,,peaceful
kaykhle3,,,,horrible
joghrafi,,,,geographical
dinamiki,,,,dynamic
mota7rrik,,,,dynamic
momtaz,,,,super
ghayr mobachir,,,,indirect
tamiin,tamin,,,precious
ghali,ghaali,,,precious
ml7ouD,,,,notable
mo7ddad,,,,definite
mo2sif,,,,unfortunate
fnni,fenni,fanni,,artistic
mighnaTisi,mighnaaTisi,,,magnetic
makayt9adach,,,,endless
charis,,,,fierce
khfif,,,,mild
mj88d,mje88ed,,,loud
Tamou7,,,,ambitious
bl8Dra,,,,verbal
naDj,naaDj,,,mature
chr3i,char3i,cher3i,,legitimate
m3rouf,m3rof,,,well-known
mo7rij,,,,awkward
raDi,,,,content
tjribi,,,,empirical
S3ib,,,,harsh
9as7,,,,harsh
mt3aaTf,mt3aTef,,,sympathetic
sti3mari,,,,colonial
khbit,,,,evil
chirrir,,,,evil
b7ri,be7ri,,,naval
mlaa2em,mla2m,,,favorable
wsT,wesT,wasT,,mid
ghayb,,,,absent
was3,waas3,,,vague
3ir9i,,,,racial
tmtiili,tmtili,temtiili,,representative
ba8t,,,,faint
7ayawi,,,,lively
saa7ili,sa7ili,,,coastal
mt7mmes,met7emmes,met7ammes,met7ammas,enthusiastic
feminist,,,,feminist
Solb,,,,rigid
3ami9,,,,profound
8aa2il,,,,immense
nisbi,,,,comparative
gharib,,,,peculiar
mofid,,,,beneficial
motan99il,,,,mobile
montij,,,,productive
sT7i,,,,shallow
7ariiS,7ariS,,,eager
remzi,ramzi,,,symbolic
m3tadl,,,,moderate
9aatil,,,,fatal
mjmou3,,,,compact
morbi7,,,,profitable
monafis,,,,rival
jozay2i,,,,molecular
idaari,,,,managerial
ddakhili,,,,interior
khTTi,,,,linear
makafich,,,,insufficient
mo288al,,,,eligible
m3nfj,,,,uncomfortable
mamori7ch,,,,uncomfortable
mokhliS,,,,loyal
morta9ab,,,,prospective
tlwalidin,,,,parental
maali,,,,fiscal
tlflous,,,,fiscal
khawi,,,,blank
9aasi,,,,cruel
w7chi,we7chi,,,cruel
mtnww3,mtnowwe3,,,diverse
nabil,,,,noble
motaghyyir,,,,variable
mt2aSSel,mt2SSal,,,inherent
kham,,,,crude
mchbou8,mchbo8,,,suspicious
nti9a2i,nti9aa2i,,,selective
mfSSl,,,,elaborate
mtwsseT,mtwesseT,,,intermediate
ghaamiD,ghamiD,,,mysterious
flsafi,falsafi,felsafi,,philosophical
mt3mmed,,,,deliberate
7anoun,,,,tender
m7DouD,m7DoD,,,fortunate
m7mi,,,,protective
mo9ddas,,,,sacred
sa2il,saa2il,,,liquid
chmsi,chmsy,chemsi,,solar
mamofri7ch,,,,unpleasant
ryaDyati,ryaDyaati,,,mathematical
difaa3i,difa3i,,,defensive
mi3maari,mi3mari,,,architectural
ghayr monaasib,ghayr monasib,,,inappropriate
yadawi,,,,manual
da2iri,daa2iri,,,circular
moSirr,,,,persistent
motaabir,,,,persistent
ilaahi,ilaa8i,ilahi,,divine
makaani,,,,spatial
mam9bolch,mam9boulch,,,unacceptable
msmoum,,,,toxic
mo288al,,,,competent
mtkaml,mtkaaml,,,integral
mam9yousch,mam9yosch,,,intact
mkhtar,,,,select
m3awd,,,,redundant
zayd,,,,redundant
za3m,za3em,,,bold
8aawi,8awi,,,amateur
gddami,gddaami,,,forward
9ddami,9ddaami,,,forward
mabaynch,mabayench,mabayanch,,invisible
idraaki,idraki,,,cognitive
m2sawi,m2saawi,,,tragic
mofji3,mofji3,,,tragic
tnDimi,tanDiimi,tenDiimi,tnDiimi,regulatory
7aasim,7asim,,,decisive
i9limi,,,,territorial
mnTa9i,,,,territorial
fay9,faye9,faya9,,awake
daakhili,,,,inland
mo7tamal,,,,probable
3ksi,3eksi,,,adverse
mo7taram,,,,respectable
sakn,saakn,,,resident
mo9iim,mo9im,,,resident
madani,,,,civilian
,,,,gothic
ortodoxi,,,,orthodox
mt3SSeb,,,,orthodox
tabt,taabt,,,static
wagf,,,,static
mtwaf9,mtwaaf9,,,compatible
sababi,,,,causal
Dimni,,,,implicit
mamfrouchch,,,,implicit
9diim,,,,old-fashioned
jamaali,jamali,,,aesthetic
mbogs,,,,aesthetic
mjmo3,mjmou3,,,aggregate
r9i9,,,,slim
Twil,,,,lengthy
mozdawij,,,,dual
machi mawDoo3i,machi mawDo3i,,,subjective
ra2i3,,,,fantastic
mafrasoch,,,,unaware
mawa3ich,,,,unconscious
akhla9i,akhlaa9i,,,ethical
mstili,mstyli,,,fashionable
mjhoul,mj8oul,mj8ol,,anonymous
fchkel,,,,exotic
gharib,,,,exotic
moraa8i9,mora8i9,morahi9,,teenage
ghali,,,,costly
kaariti,kariti,,,disastrous
msta9ll,msta9ell,,,autonomous
automatic,otomatik,,,autonomous
radd lbal,,,,cautious
dyal ddarra,,,,atomic
sirri,,,,confidential
7m9,7me9,,,foolish
mlwwen,mlwwn,,,colorful
bnin,,,,delicious
3ami9,,,,thorough
moghram,,,,fond
jdid,,,,novel
mntaDm,mntaDem,,,uniform
mtnas9,mtnase9,,,coherent
majiid,majid,,,glorious
nfsi,nefsi,,,psychiatric
mo3jami,,,,lexical
tTawwori,,,,evolutionary
kayrbbi,,,,disciplinary
t2dibi,,,,disciplinary
3tibaaTyan,,,,arbitrary
kayfrre7,kayfrr7,kayfarra7,,delightful
mtchrred,,,,homeless
chmkar,,,,homeless
gharib,ghariib,,,weird
fa2iD,,,,excess
zyada,,,,excess
7amimi,7amiimi,,,intimate
8a2il,,,,formidable
tdriji,tdriiji,tedriiji,,gradual
flkharj,,,,outdoor
mi8ani,,,,vocational
tlkhdma,,,,vocational
3aalami,3alami,,,worldwide
7chman,,,,ashamed
tnDimi,,,,organizational
khbit,,,,wicked
takhayyoli,,,,imaginative
3ajib,3ajiib,,,bizarre
ni8a2i,ni8aa2i,,,eventual
mrtajl,,,,spontaneous
makaytSnne3ch,,,,spontaneous
wizari,wizaari,,,ministerial
mobtakar,,,,innovative
mafaa8iimi,,,,conceptual
madani,,,,civic
7eyy,,,,vivid
tnna7w,,,,grammatical
mokhliS,,,,faithful
mtwsseT,mtwesseT,motawssiT,,medium
tkmili,tkmiili,,,supplementary
jyoloji,jyolouji,,,geological
bnnaa2,bnna2,,,constructive
kaybni,,,,constructive
ghayr mnTi9i,ghayr manTi9i,,,unreasonable
Darori,Darouri,,,mandatory
mchmmech,,,,sunny
ta3aawoni,,,,co-operative
solouki,soloki,,,behavioral
mabaghich,,,,unwilling
S7i7,,,,vigorous
khtiyari,khtiari,,,optional
aSli,,,,indigenous
manaje7ch,,,,unsuccessful
mam2ddebch,mam2eddebch,,,rude
mamrbbich,mamrebbich,,,rude
borjwazi,bourjwazi,,,bourgeois
3ilmani,,,,secular
momti3,,,,enjoyable
mo299at,mow99at,,,provisional
mosaa8im,mosa8im,mosaahim,,instrumental
akhir,akhiir,,,terminal
ni8aa2i,ni8a2i,niha2i,,terminal
3amali,,,,handy
mokttaf,,,,dense
fotoghrafi,,,,photographic
tlbaladia,,,,municipal
mt7mmes,mt7mms,,,passionate
m7doud,,,,restrictive
wa7id,,,,lone
daakhili,,,,indoor
mtwetter,mtwtter,mtwttr,,tense
blcontra,,,,contractual
ta3aa9odi,,,,contractual
ftiraDi,ftiraaDi,,,virtual
khaTir,,,,grave
atari,,,,archaeological
bayn,,,,trivial
kay8ezz,,,,portable
tafaa3oli,tafa3oli,,,interactive
w7chi,we7chi,,,vicious
chkli,chekli,,,nominal
makattnsach,,,,memorable
ka2ib,,,,bleak
t7tani,,,,inferior
tlmSaren,,,,intestinal
mokmmil,,,,complementary
mo8oub,mohoub,mow8ob,mow8oub,talented
abadi,,,,eternal
jasadi,,,,bodily
si7ri,,,,magical
mf8oum,mfhoum,mfhom,mf8om,understandable
bayn,,,,noticeable
mawaD7ch,,,,ambiguous
aSli,,,,authentic
momkina,,,,feasible
magaddch,,,,incapable
ma9aderch,ma9adrch,,,incapable
komik,,,,comic
moD7ik,,,,comic
komidi,,,,comic
sti3mari,sti3maai,,,colonial
mn3azl,,,,solitary
3abati,,,,vain
moDirr,,,,harmful
ghamD,,,,obscure
khawi,,,,vacant
chyaTa,,,,surplus
kaytlSS9,kaytlSSe9,,,sticky
khfif,,,,swift
sri3,,,,swift
moSghghara,,,,miniature
bzzaf,,,,ample
machi Tabi3i,,,,abnormal
3orfi,,,,customary
kayDerr,kaydrr,,,sore
mochi33,,,,radioactive
kay9tel,kay9tl,kay9tal,,deadly
m9boul,m9bol,,,plausible
9aabil,,,,prone
jtima3i,jtimaa3i,,,sociological
magaddch,,,,helpless
radd lbal,,,,wary
mam3rofch,,,,unfamiliar
jira7i,jiraa7i,,,surgical
mo3awin,,,,supportive
mo2nnat,,,,feminine
kayfrchekh,kayferchekh,kayfrchkh,,destructive
kiwalo,,,,petty
tonaa2i,tona2i,,,bilateral
baghi,,,,would-be
naatj,,,,consequent
9wi,,,,potent
wa3r,,,,potent
S7i7,,,,potent
fasd,faasd,,,rotten
m3foun,m3fon,,,rotten
waa9i3i,wa9i3i,,,factual
3amali,,,,pragmatic
pragmati,,,,pragmatic
ghayr morDi,,,,unsatisfactory
w9t joz2i,,,,part-time
mi8ani,,,,occupational
marin,,,,flexible
mch8or,,,,prominent
m3aarD,m3arD,,,reluctant
mojrrad,,,,abstract
laa2i9,,,,decent
jjay,,,,forthcoming
mn7adr,,,,steep
kaytTbbe9,kaytTebbe9,,,applicable
kasoul,kasol,,,passive
9bi7,,,,grim
ch8eb,ch8b,,,blond
droka,drok,,,imminent
D3if,,,,vulnerable
mobrziT,,,,rowdy
frra3,,,,talkative
mozwwir,,,,falsifier
mo8jjij,,,,rowdy
mo3nfij,,,,rowdy
msbiTr,,,,crazy
m7chchech,,,,drugged
mSr8eT,mSer8eT,mSer8aT,,scorner
9walbi,,,,trickster
bkkay,,,,crybaby
mokhlwiD,,,,deceitful
7rayfi,,,,skilled
7rayfi,,,,adroit
mawaD7ch,,,,unclear
8aamichi,hamichi,,,peripheral
motaw99a3,,,,predictable
8ojoumi,8ojomi,,,offensive
mtna9D,,,,absurd
mawsimi,,,,seasonal
jbbar,jbbaar,,,mighty
mrowwen,mrwwen,,,uneasy
baSari,,,,optical
lani8a2i,laani8aa2i,,,infinite
mdikori,,,,decorative
kammi,,,,quantitative
mtnaasb,,,,proportional
biro9raTi,,,,bureaucratic
kayghir,,,,jealous
khayali,,,,fancy
mghyar,,,,jealous
ldid,,,,delicious
bayn,,,,obvious
mftou7,meftou7,,,open
sad,sadd,,,closed
mesdoud,msdoud,msdod,,closed
m7loul,m7lol,me7loul,me7lol,open
ghaleT,ghaaleT,,,wrong
mbeddel,mbddl,,,different
S7i7,,,,strong
mwellef,,,,used to
mriguel,,,,cunning
dayekh,,,,dizzy
mdowwakh,,,,dizzy
mberrer,mbrrer,mberrar,,justified
n1,n2,n3,n4,eng
dima,dayman,,,always
machi,,,,not
ghaliban,ghaaliban,,,often
9aryban,9ariban,qaryban,qariban,soon
bkri,bekri,barki,,early
bchwia,,,,slowly
bl8adawa,,,,carefully
imkn,yemken,imken,,perhaps
8na,,,,here
l8i8,lhih,,,there
9rib,,,,nearby
lfo9,lfou9,lfog,lfoug,upstairs
mn b3d,men be3d,mn be3d,,later
daba,,,,now
chwia,,,,a little
bzzaf,bzaf,,,a lot
kolliyan,,,,totally
flblaSa,,,,instantly
t9riban,ta9riban,te9riban,taqriban,almost
mrra mrra,,,,sometimes
naadiran,nadiran,,,rarely
walakin,,,,however
walakin,,,,but
zid 3liha,,,,in addition
kafi,kaafi,,,enough
ga3,,,,never
dghya,deghya,dghia,daghya,quickly
bzzrba,bzzerba,bzzarba,bzerba,quickly
9bel,9bl,,,before
mnb3d,mn b3d,mn be3d,mnbe3d,after
9ariban,,,,soon
mazal,,,,still
mazal,,,,yet
dad,ded,dedd,dadd,against
akhiran,,,,finally
7rfyyan,7arfyyan,7erfian,7arfian,literally
ghaliban,ghaaliban,,,probably
"n1","n2","n3","n4","eng"
"klb","kalb","kelb","","dog"
"mch","moch","mech","","cat"
"7mar","hmar","himar","","donkey"
"zarafa","","","","giraffe"
"sb3","sbe3","sbaa","sba3","lion"
"djaja","","","","chicken"
"frouj","farrouj","farouj","","cock"
"ghzala","","","","gazelle"
"nmr","nmer","nmar","","tiger"
"Db3","Dbe3","Dbaa","Dba3","hyena"
"7out","hout","houte","","fish"
"nmla","nemla","","","ant"
"fkroun","fekroun","fakroun","","turtle"
"brbouch","beboch","babbouch","berbouch","snail"
"bghl","bghel","bghal","","mule"
"3awd","aawd","3aoud","","horse"
"khrouf","5rouf","5rof","khrof","sheep"
"7awli","hawli","hewli","7ouli","sheep"
"n3ja","ne3ja","na3ja","","sheep"
"m3za","ma3za","me3za","maaza","goat"
"timsa7","timsah","","","crocodile"
"fil","fyl","","","elephant"
"3jl","3jel","3jal","aajel","calf"
"dib","dyb","","","wolf"
"7llouf","7allouf","hallouf","hellouf","pig"
"9rd","9ard","qard","9erd","monkey"
"Tobba","","","","rat"
"jml","jmal","jmel","","camel"
"dlfin","delfin","dalfine","","dolphin"
"moka","mouka","","","owl"
"t3lb","the3leb","ta3lab","te3leb","fox"
"bgra","bagra","begra","","cow"
"dobb","dob","","","bear"
"9niwna","9nia","qnia","","rabbit"
"Twiyer","Twyer","Ter","Tir","bird"
"ti9lit","ti9lita","tiqlit","","lizard"
"babbagha","babbaghio","babaghyo","","parrot"
"far","","","","mouse"
"bTTa","baTTa","beTTa","","duck"
"crevit","","","","shrimps"
"bibi","","","","turkey"
"n7la","na7la","ne7la","","bee"
"ghrab","ghorab","","","crow"
"7mama","hmama","","","pigeon"
"bllarj","bellarj","belarj","belarj","stork"
"n3ama","naama","","","ostrich"
"gnfoud","ganfoud","","","hedgehog"
"khffach","khoffach","5ofach","5offach","bat"
"jrana","","","","frog"
"sinjab","","","","squirrel"
"7nch","7ench","7anch","hench","snake"
"okhToboT","","","","octopus"
"9irch","qirch","","","shark"
"nsr","nser","","","eagle"
"biTri9","biTriq","","","penguin"
"faracha","","","","butterfly"
"rtila","","","","spider"
"3grba","aagrba","3garba","","scorpion"
"namousa","namosa","","","mosquito"
"dbbana","debana","dbana","","fly"
"dbban","deban","dban","","flies"
"jrada","","","","grasshopper"
"jrada","","","","grasshoppers"
"douda","","","","worm"
"doud","","","","worms"
"7ayawan","hayawan","","","animal"
"7achara","hachara","","","insect"
"7acharat","hacharat","","","insects"
"7ayawanat","hayawanat","","","animals"
"3oSfor","","","","bird"
"tour","thour","thor","tor","bull"
"samaka","","","","fish"
"daynaSour","daynaSor","","","dinosaur"
"bobris","boubris","bobriss","boubriss","lizard"
"9ondos","","","","beaver"
"b8ima","bhima","","","cattle"
"wzza","wezza","","","goose"
"Taws","Taawous","Tawous","","peafowl"
"srdin","","","","sardine"
"smTa","semTa","samTa","","eel"
"fo9ma","foqma","","","seal"
"srra9zzit","srra9 zzit","srra9 zit","","cockroach"
"boj3ran","bouj3ran","","","cockroach"
"gml","gmel","gmal","","louses"
"mn9ar","man9ar","men9ar","manqar","beak"
"jna7","jnah","","","wing"
"richa","rycha","","","feather"
"ghoul","ghol","","","beast"
"faras nna8r","faras nnahr","","","hippopotamus"
"wa7id l9arn","wahid l9arn","wahid lqarn","","rhinoceros"
"7imar wa7chi","7imar w7chi","","","zebra"
"ghzala","","","","deer"
"fa8d","fahd","fehd","","leopard"
"ferrouj","frroj","farouj","","cock"
"8od8od","hodhod","","","hoopoe"
"n1","n2","n3","n4","eng"
"mousi9a","musiqa","","","music"
"rasm","rrasm","","","painting"
"kamanja","","","","violin"
"3oud","","","","oud"
"chTi7","chTih","","","dance"
"ghna","ghona","","","singing"
"chi3r","","","","poetry"
"fenn","fann","","","art"
"msr7","masra7","masrah","mesre7","theater"
"tSfi9","taSfi9","","","applause"
"tSwira","tSwera","taSwira","","photo"
"ta9afa","taqafa","","","culture"
"chita","","","","brush"
"khayal","5ayal","","","imagination"
"DDo","Daw2","","","light"
"ibda3","ibdaa3","","","creativity"
"jamal","jamaal","","","beauty"
"raw3a","","","","magnificence"
"chaa3ir","cha3ir","","","poet"
"kaatib","katib","","","writer"
"riwa2i","riwaa2i","","","novelist"
"mokhrij","mo5rij","","","film director"
"momttil","momtil","","","actor"
"mo2llif","mo2allif","mo2lif","","author"
"8ndasa","8andasa","","","engineering"
"rasm","","","","drawing"
"n7t","na7t","","","sculpture"
"mt7f","mot7af","","","museum"
"Tbl","Tbel","Tbal","","drum"
"piano","","","","piano"
"guitar","gitar","","","guitar"
"nghma","neghma","naghma","","tone"
"osloub","oslob","","","style"
"ofo9i","ofoqi","","","horizontal"
"3amoudi","3amodi","","","vertical"
"chm3a","cham3a","chem3a","","candle"
"nsijam","insijam","","","harmony"
"tze3zi3","tza3zi3","tz3zi3","","vibration"
"i9a3","iy9a3","iqa3","","rhythm"
"t2tir","ta2tir","ta2thir","te2tir","impression"
"t2Tir","ta2Tir","te2Tir","","supervising"
"tSmim","taSmim","","","design"
"t3bir","te3bir","ta3bir","taabir","expression"
"ti9nia","tiqnia","","","technique"
"tikrar","","","","repetition"
"m3awda","","","","repetition"
"tamatoul","tamatol","tamathoul","","symmetry"
"bou3d","bo3d","","","dimension"
"bo3d","","","","remote"
"masafa","massafa","","","distance"
"gnTra","ganTra","guenTra","","bridge"
"khTT","khaTT","kheTT","","line"
"morbba3","morba3","morbba3","","square"
"dwwara","da2ira","","","circle"
"motllat","motlat","","","triangle"
"mostaTil","","","","rectangle"
"n9Ta","no9Ta","","","point"
"Sout","Saout","","","voice"
"zwin","zwen","","","beautiful"
"khayal","5ayal","","","fiction"
"chaacha","chacha","","","screen"
"koumidia","koumidya","comedia","","comedy"
"taarikhi","tarikhi","tari5i","taari5i","historical"
"Sout","Sawt","Saout","Sot","sound"
"adat","adaat","","","instrument"
"nghma","naghma","neghma","","tone"
"m3riD","ma3riD","","","exhibition"
"mi8rajan","mihrajan","","","festival"
"makiaj","makyaj","","","makeup"
"baTal","","","","hero"
"ch3bi","che3bi","cha3bi","","popular"
"riwaya","","","","novel"
"moslsal","mosellsal","mouselsal","","series"
"9anat","qanat","9anaat","","channel"
"ich8ar","","","","advertisement"
"moghnni","moghenni","moghanni","","singer"
"fr9a","fer9a","","","band"
"jou9","jo9","","","choir"
"kasiTa","","","","tape"
"n1","n2","n3","n4","eng"
"7wayj","7wayej","7wayaj","hwayej","clothes"
"khatm","5atm","khatem",,"ring"
"9amija","qamija",,,"shirt"
"srwal","serwal","sarwal",,"pants"
"kaskita","kasketa",,,"cap"
"sbbat","sebbat",,,"shoe"
"t9achr","t9acher","tqacher",,"socks"
"chort","short",,,"shorts"
"kbbot","kabbot","kebbot",,"coat"
"grafaTa",,,,"tie"
"Trbouch","Tarbouch","Terbouch","Tarboch","hat"
"tjakiTa","jakiTa","jakiT",,"jacket"
"Saya",,,,"skirt"
"slip",,,,"underpants"
"chal",,,,"scarf"
"djin",,,,"jeans"
"kswa","kaswa","keswa","keswa","dress"
"kostim","koustim",,,"suit"
"pijama","pyjama",,,"pajamas"
"likouch","likoch",,,"diapers"
"ligat",,,,"gloves"
"smTa","samTa","semTa",,"belt"
"SDfa","SaDfa","SeDfa",,"button"
"jib","jayb",,,"pocket"
"Twang","Twaneg","Twanag","7ala9ate","earring"
"snsla","sensla","selsla","slsla","necklace"
"gormiT","gourmiT","gourmeT",,"bracelet"
"bsTam","bzTam","besTam","bezTam","wallet"
"mDll","mDall","mDell","mDalla","umbrella"
"Tagia","Taguia","Tagyya","Taguyya","skullcap"
"touni","toni",,,"football shirt"
"jellaba","jllaba",,,
"blgha","belgha","cherbil",,
"drra3ia","Drra3ia",,,
"jabador","jabadour",,,
"9fTan","9efTan","9afTan",,
"tkchiTa","tekchiTa","takchiTa",,
"sl8am","sel8am","slham","selham","n1","n2","n3","n4","eng"
"loun","lawn","laoun","lwn","color"
"7mr","7mer",,,"red"
"khdr","5dr","khdar","khder","green"
"zr9","zra9","zre9","zraq","blue"
"byed","byad",,,"white"
"k7l","k7al","k7el",,"black"
"limouni",,,,"orange"
"gri",,,,"grey"
"9hwi","9ahwi","qahwi","9ehwi","brown"
"bonni",,,,"brown"
"fanidi",,,,"pink"
"wardi","werdi","ouardi",,"pink"
"banafsaji",,,,"purple"
"Sfr","Sfar","Sfer",,"yellow"
"maro","lmaro",,,"maroon"
"bij","beige",,,"beige"
"d8bi","de8bi","dehbi",,"gold"
"mghlou9","maghlou9","maghlouq","meglou9","dark"
"mftou7","meftou7","maftouh","maftou7","light""n1","n2","n3","n4","eng"
"wrda","warda",,,"rose"
"nbta","nabta","nebta",,"plant"
"chouk",,,,"thorn"
"nkhla","nakhla","na5la","nekhla","palm tree"
"chjra","chejra","chajra",,"tree"
"chjr","chjer","chjar",,"trees"
"Sbbar",,,,"cactus"
"SafSaf","SefSaf",,,"willow"
"Sanawbar",,,,"pine"
"3rch","aarch",,,"branch"
"sawsan",,,,"iris"
"zira3a",,,,"agriculture"
"zrri3a","zarri3a","zerri3a",,"seed"
"gazo","gazon","lgazo","rbi3","grass"
"jdr","jder",,,"root"
"trab",,,,"soil""n1","n2","n3","n4","eng"
"ktabi","","","","my book"
"3imartna","","","","our building"
"flous8a","","","","her money"
"klb8om","","","","their dog"
"7yato","","","","his life"
"chghlk","","","","your business"
"moul","mol","","","possessor of"
"dyali","diali",,,"mine"
"dyalo","dialo","dialou","dyalou","his"
"dyalha","dialha","dial8a","dyal8a","her"
"dyalhom","dialhom","dial8om","dyalhoum","their"
"dyalna","dialna","","","our"
"n1","n2","n3","n4","eng"
"gddam","godam","goddam","","in front of"
"mora","moura","","","behind"
"fog","foug","fog","foug","on"
"t7t","taht","ta7t","","under"
"3la","aala","","","about"
"b3d","be3d","ba3d","","after"
"Dedd","Dadd","","","against"
"fost","","","","among"
"b7al","bhal","","","as"
"b7al","bhal","","","like"
"f","fi","","","at"
"bsbab","bsabab","","","because of"
"9bl","9bel","qbel","9bal","before"
"mora","moura","wra","","behind"
"t7t","lt7t","te7t","ta7t","below"
"7da","hda","","","beside"
"bin","","","","between"
"b","bi","","","by"
"bwasiTat","b wasiTat","","","by means of"
"t7t","ta7t","te7T","","down"
"fou9t","f w9t","fw9t","","during"
"ma3ada","ma 3ada","","","except"
"tab3","taab3","tabaa","","following"
"l","li","","","to"
"l","li","","","for"
"mn","men","","","from"
"f","fi","","","in"
"za2id","","","","in addition"
"ila","","","","if"
"bima fiha","","","","including"
"daakhl","daa5l","dakhl","da5l","inside"
"mn","men","","","of"
"3la","aala","","","over"
"bnnisba","bnisba","b nnisba","b nisba","regarding"
"mn","men","","","since"
"f ttija8","f tijah","fttijah","ftija8","toward"
"7tal","","","","until"
"m3a","maa","","","with"
"7it","7int","7itach","7intach","because"
"bach","","","","in order to"
n1,n2,n3,n4,eng
ana,,,,I am
nta,,,,you
nti,,,,you
hoa,howa,8owa,8oa,him
hia,hya,8ya,8ia,her
7na,,,,us
7na,,,,we
ntoma,ntouma,,,you
homa,houma,8ouma,8oma,them
ayy wahd,,,,everyone
tta wahd,,,,anyone
ayyatoha haja,,,,anything
kolchi,koulchi,kollchi,koullchi,everything
hada,hadi,hadchi,had,this
dak,,,,that
hadak,,,,that
hadik,,,,that
hado,hadou,,,these
hado,hadou,,,those
imta,,,,when
fo9ach,foqach,,,when
fine,fin,,,where
w9tach,wa9tach,we9tach,,when
3lach,aalach,,,why
kifach,,,,why
ach,,,,what
chno,,,,what
chkon,,,,who
kifach,,,,how
ktr,kter,ktar,,more
aktar,,,,most
a9al,,,,least
9el,9al,,,less
"n1","n2","n3","n4","eng"
"7jjam","7ejjam","7ajjam","hajjam","barber"
"7lla9","7ella9","7alla9","hallaq","barber"
"gzzar","guezzar","gazzar",,"butcher"
"Tbib",,,,"doctor"
"frmlia","fermlia","farmlia",,"nurse"
"modir","moudir",,,"director"
"fnnan","fennan","fannan",,"artist"
"trisyan","trician",,,"electrician"
"mo8ndis","mohndis",,,"engineer"
"flla7","fella7","falla7","fllah","peasant"
"Sa7afi","Sahafi",,,"journalist"
"9aDi","qaDi",,,"judge"
"mo7ami","mou7ami","mohami",,"lawyer"
"mikanisyan","mikanician","mecanician",,"mechanic"
"wakil","ouakil",,,"prosecutor"
"bolisi","bolissi",,,"cop"
"jadarmi",,,,"gendarme"
"rssam","rassam",,,"painter"
"moSwwir","moSwwer","moSwir","moSwer","photographer"
"srbay","serbay","sarbay",,"waiter"
"srbaya","serbaya","sarbaya",,"waitress"
"khyyaT","khiaT","5ayyaT","khayyaT","tailor"
"safir","safyr",,,"ambassador"
"mostachar","mostachaar",,,"advisor"
"plombi",,,,"plumber"
"mo9awil",,,,"entrepreneur"
"modir",,,,"director"
"mowDDaf",,,,"employee"
"sikritira",,,,"assistant"
"khDDar",,,,"greengrocer"
"njjar",,,,"carpenter"
"7rayfi",,,,"craftsperson"
"Sbbagh",,,,"painter"
"n77at",,,,"sculptor"
"mol ddjaj",,,,"poultryman"
"mol l7out",,,,"fishmonger"
"moSwwir",,,,"photographer"
"mol lmSbana",,,,
"gbbaS",,,,
"jlayji",,,,
"oustad",,,,"professor/teacher"
"mol taxi",,,,"Taxi driver""n1","n2","n3","n4","eng"
"SSla","SSala","Sala","","pray"
"Syam","Siam","","","fasting"
"lhej","lhajj","7ejj","l7ej","pilgrimage"
"zakat","","","","charity"
"jam3","jama3","jame3","","mosque"
"lihoud","li8oud","li8od","","jews"
"nSara","","","","christians"
"imane","2yman","","","faith"
"koffar","","","","unbelievers"
"rou7","rouh","","","soul"
"jenna","janna","","","heaven"
"nnar","nar","","","hell"
"jahnam","ja8nnam","jahennam","ja8annam","hell"
"lakhra","akhira","lakhira","akhra","afterlife"
"chrab","","","","alcohol"
"malak","","","","angel"
"ddin","dine","ddine","dine","religion"
"loDo","woDou","woDou2","lwoDo2","ablution"
"3ti9ad","i3ti9ad","","","belief"
"chiTan","chayTan","","","satan"
"jnn","jenn","","","demon"
"3issa","3isa","","","jesus"
"ibrahim","","","","abraham"
"moussa","mossa","","","moses"
"khalifa","5alifa","","","caliph"
"kanissa","kanisa","","","church"
"fir3awn","","","","pharaoh"
"jibril","","","","gabriel"
"3zrayl","3zaryn","","","azrael"
"chaba7","chabah","","","ghost"
"lboudia","","","","buddhism"
"daoud","","","","david"
"nou7","nouh","","","noah"
"taTwwor","taTwor","","","evolution"
"jaza2","jazaa","","","reward"
"Salib","Salyb","","","cross"
"T8ara","Thara","","","circumcision"
"khtana","5tana","","","circumcision"
"SSa7aba","Sa7aba","","","companions of the prophet"
"fi98","fi9h","fiqh","","theory of islamic law"
"chari3a","chariaa","","","islamic law"
"ftwa","fatwa","fetwa","","interpretation of islamic law"
"khayr","khair","5ayr","5air","good"
"charr","cherr","","","evil"
"9or2an","","","","quran"
"mo9ddas","mo9addas","","","holy"
"9ods","l9ods","","","jerusalem"
"rou7","rouh","","","spirit"
"rou7ania","rouhania","","","spirituality"
"9iama","l9iama","9yama","l9yama","resurrection"
"janaza","gnaza","","","funeral"
"dbn","denb","danb","","sin"
"Sob7","Sobh","","","morning prayer"
"Do8r","Dohr","Doher","Do8ar","noon prayer"
"l3aSr","l3aSer","3aser","3asar","afternoon prayer"
"lmghrb","lmghreb","lmoghrab","mghrab","sunset prayer"
"l3cha","laacha","3cha","","evening prayer"
"zawia","zaouia","","","sect"
"injil","","","","bible"
"masi7","masy7","masih","","christ"
"allah","alah","Lah","","god"
"rassoul","rasoul","","","prophet"
"mslm","meslem","moslim","","muslim"
"sonni","","","","sunni"
"chi3i","","","","shi ite"
"mol7id","molhid","","","atheist"
"il7ad","ilhad","","","atheism"
"Sm3a","Sem3a","Sam3a","","minaret"
"adan","adaan","","","call to prayer"
"7lal","hlal","","","permitted"
"7ram","hram","","","forbidden"
"mo3jiza","","","","miracle"
n1,n2,n3,n4,eng
t3nfij,t3anfij,t3enfij,,inconvenience
trbziT,tberziT,tbarziT,ttbrziT,bother
twichia,,,,thing
l3iba,l3ayba,l3aiba,,thing
l3amala,,,,friend
tbl7is,tbel7is,tbal7is,tbal7iss,flattery
Tnz,Tanz,Tenz,,mockery
z3fan,za3fan,ze3fan,,angry
ka3i,,,,angry
l8imri,lhimri,,,hunger
m9rach,m9raj,mo9rach,mo9raj,tea kettle
3zzi,3azzi,3ezzi,,black
b7alma8okdaya,b7almahokdaya,kifmab7almahokdaya,kifmab7alma8okdaya,like this
Tbbouzi,Tbozi,Tabozi,Tebbozi,fat
tkhrbi9,tkharbi9,tkherbi9,tkharbiq,nonsense
3zwa,3zawi,,,man
kbchlaba9ich,kobchlaba9ich,kobbchlabaqich,kobbchlaba9ich,fill my cup
law3lm,llaw3lm,laho3lm,lahoa3lam,i do not know
lay3miha lik,,,,i warn you
brbbi,brebbi,brabbi,,i swear
awdi,awddi,,,whatever
awdi,awddi,,,anyway
bz9oul,bz9ol,bez9ol,baz9ol,child
chwikkik,,,,a bit
T8lla,Thalla,T8alla,T8ella,bye
3rram,3erram,3arram,,many
ewa,,,,well
fchkl,fchkel,fchkal,fchkeel,special
fchkl,fchkel,fchkal,fchkeel,peculiar
gharib,,,,weird
sghikkrin,,,,tiny
tfrnisa,tfernisa,tfarnisa,,smile
bz9oul,bz9ol,,,baby
br8och,bar8ouch,barhouch,barhoch,kid
tbznisa,tbeznisa,tbaznisa,,deal
t8jaj,ta8jaj,tahjaj,,noise
9oz9oza7,9ous9oza7,9aws9oza7,9aws 9oza7,rainbow
3zwa,,,,well done
Saa7a,,,,well done
mwrre9,mwerre9,,,noticeable
3wachr,3wacher,,,feasts
naDi,naaDi,,,excellent
8nnina,8ennina,8annina,,be quiet
fog chchb3a,,,,extra
dyal lmchkhara,dyal lmechkhara,,,ridiculous
chchann TTann,,,,swiftly
ml3ouba,ml3oba,,,feasible
n7ila,,,,swift
8rrbo lia,hrebt,lherba,hrrbni,blow my mind
Dbber 3la,,,,fetch
khrrej 3inih,,,,stare
jb8a,jab8a,jeb8a,jbha,bold
snTi7a,senTi7a,SnTi7a,,bold
mrigl,,,,tricky
blan,blaan,,,a good deal
wakwakk,wakwak,,,oh god
makat9chcherch,makat9cherch,makat9echerch,makat9echcharch,
khdama lia,,,,I'm angry/mad"n1","n2","n3","n4","eng"
"flous","flouss","","","money"
"l3a9a","ll3a9a","ll3aqa","","money"
"stitmar","istitmar","","","investment"
"raslmal","ras lmal","","","capital"
"ttaman","taman","","","price"
"Talab","","","","demand"
"kra","lkra","","","rent"
"salaf","","","","loan"
"9rD","9arD","9erD","","loan"
"kridi","","","","credit"
"9tiSad","9tissad","","","economy"
"byya3","beyya3","beya3","bya3","seller"
"chrray","chray","","","buyer"
"lbi3","","","","selling"
"chchra","","","","bying"
"sou9","souq","souk","","market"
"charika","","","","company"
"dr8m","drhm","der8am","dirham","dirham"
"jma3a","","","","group"
"tti7ad","iti7ad","itihad","ittihad","union"
"7tikar","htikar","","","monopoly"
"7tiyaT","i7tiaT","ihtiaT","","reserve"
"khdma","khedma","khadma","5adma","job"
"3omla","3oumla","","","currency"
"rrb7","rrba7","","","profit"
"kriz","criz","","","crisis"
"stachr","istachar","","","consult"
"sti9rar","isti9rar","stiqrar","","stability"
"sti8lak","stihlak","istihlak","isti8lak","consumption"
"iSla7","","","","reform"
"sa2i7","saih","ra2ih","sai7","tourist"
"biznis","","","","business"
"tijara","ttijara","","","commerce"
"fayit","fayyit","","","bankruptcy"
"dawli","daouli","","","international"
"3alami","aalami","","","international"
"D3if","Da3if","","","weak"
"fa9ir","","","","poor"
"prodwi","","","","product"
"mntouj","mentouj","mantouj","","product"
"brnamaj","barnamaj","bernamaj","","program"
"banka","","","","bank"
"borSa","bourSa","","","stock exchange"
"lasorans","lassourans","lasourans","","insurance"
"tkhzin","takhzin","tekhzine","","storage"
"tkhTiT","takhTiT","tekhTiT","ta5TiT","planning"
"lma3icha","","","","cost of living"
"Dariba","","","","tax"
"moka","mouka","","","money"
"srbis","serbis","serbiss","","service"
"blan","blane","","","plan"
"da3m","dda3m","","","support"
"ch8ria","cha8ria","chahria","chehria","salary"
"bznas","beznas","","","drug dealer"
"mo9awala","moqawala","","","enterprise"
"faktoura","","","","bill"
"mizania","","","","budget"
"Sina3a","Sinaa3a","","","industry"
"zira3a","ziraa3a","","","agriculture"
"SSayd","SSeyd","","","fishing"
"l9iTa3 lkhaS","","","","private sector"
"l9iTa3 l3amm","","","","public sector"
"tmwil","tamwil","tmouil","temwil","funding"
"3amal","","","","work"
"sti9ala","isti9ala","sti9aala","","resignation"
"ta9a3od","ta9aa3od","","","retirement"
"mdkhoul","medkhoul","mad5oul","med5ol","income"
"mchro3","machrou3","mchrou3","mechrou3","project"
"tterwa","ttrwa","ttarwa","","wealth"
"Talab","","","","application"
"n1","n2","n3","n4","eng"
"oustad","ostad","","","teacher"
"tlmid","tilmid","","","student"
"moudir","modir","","","director"
"3amid","aamid","","","dean"
"sbbora","sabbora","sbora","","blackboard"
"Tabachir","","","","chalk"
"fizik","lfizik","","","physics"
"tarikh","","","","history"
"ryaDiat","riaDiat","","","math"
"ryaDa","riaDa","","","sport"
"joghrafia","","","","geography"
"drs","ders","dars","","course"
"mti7an","imti7an","mtihan","mti7ane","exam"
"ktab","kitab","","","book"
"dftar","deftar","daftar","","notebook"
"btida2i","","","","elementary"
"t3lim","ta3lim","","","education"
"mdrasa","medrasa","madrassa","medrassa","school"
"9ism","qism","","","class"
"lafak","lafac","la fac","lkollia","faculty"
"i3dadi","","","","middle school"
"tanawi","tanaoui","","","high school"
"jami3a","ljami3a","","","university"
"diplom","diplome","","","diploma"
"idara","lidara","","","administration"
"Tawila","","","","bench"
"flsafa","falsafa","felsafa","","philosophy"
"mawad","","","","subjects"
"3ilm","","","","science"
"logha","lougha","","","language"
"adab","","","","literature"
"3oloum","3ouloum","3olom","","sciences"
"ktba","kitaba","ktaba","","writing"
"jabr","","","","algebra"
"8ndasa","handasa","8andasa","hndasa","geometry"
"l7sab","7sab","hsab","","computing"
"chimi","","","","chemistry"
"stilo","stylo","","","pen"
"misTara","","","","ruler"
"chkara","","","","bag"
"9alam","qalam","","","pencil"
"mim7at","mimhat","","","eraser"
"3oTla","","","","holiday"
"ta9afa","taqafa","","","culture"
"7iSSa","7iSa","hiSSa","","session"
"Sf7a","Saf7a","Sef7a","","page"
"wr9a","wer9a","war9a","warqa","paper"
"b7t","ba7t","be7t","","research"
"sou2al","soual","ce2al","sa2al","question"
"jawab","","","","answer"
"fikra","","","","idea"
"7sab","7ssab","","","count"
"Tol","Toul","","","length"
"3rD","3arD","3erD","","width"
"rtifa3","irtifa3","","","hight"
"3lo","3low","","","hight"
"moDo3","mowDo3","mawDou3","mowDou3","topic"
"da2ira","dwwara","","","circle"
"7rf","7arf","7erf","","letter"
"klma","kalma","kelma","","word"
"jomla","joumla","","","phrase"
"faSila","","","","comma"
"tjriba","tajriba","tejriba","","experience"
"kotla","","","","mass"
"7ajm","","","","volume"
"khaTa2","5aTa2","","","wrong"
"Sa7i7","Sahih","","","right"
"m9S","m9aSS","m9eSS","m9as","scissors"
"rawD","raouD","","","kindergarten"
"takhSSoS","ta5SSoS","takhaSSoS","ta5aSSoS","specialization"
"ni9ach","niqach","","","discussion"
"t7lil","te7lil","ta7lil","tahlil","analysis"
"tmrin","tamrin","temrin","","exercise"
"min7a","minha","","","scholarship"
"ghyab","ghiab","","","absence"
"7oDor","7oDour","hoDour","","presence"
"za2id","","","","plus"
"na9iS","naqis","","","minus"
"mDroub","","","","times"
"m9soum","me9soum","m9som","ma9soum","divided"
"mo3adala","","","","equation"
"kasr","","","","fraction"
"chakl","","","","shape"
"zawyya","zawia","zawya","","angle"
"Tibb","","","","medicine"
"7aDana","","","","nursery school"
"ddirasat l3olya","ddirasat l3olia","","","higher education"
"ma38ad","me38ed","ma3had","m3hed","institute"
"bac","lbac","","","baccalaureate"
n1,n2,n3,n4,eng
t3li9,ta3li9,te3li9,taaliq,comment
tlfaza,telfaza,,,television
tilifon,,,,phone
kabl,,,,cable
priz,,,,power plug
charjour,charjor,,,charger
intirnit,antirnit,,,internet
vidio,,,,video
odiyo,odio,odyo,,audio
watsap,,,,whatsapp
fisbok,fisbouk,,,facebook
chacha,chaacha,,,screen
lizyat,liziat,lliziat,,headphones
lizikottour,lizikotour,lizikotor,,headphones
matiryal,mataryan,,,hardware
portabl,portable,,,cell phone
bla slk,bla selk,bla salk,,wireless
slk,selk,salk,,wire
batri,,,,battery
boton,bouton,botona,boutoun,button
tilicomand,telecomand,telecomond,,remote control
nitflix,,,,netflix
parabol,,,,tv receiver
"n1","n2","n3","eng"
"3a2ila","","","family"
"bnti","benti","banti","my daughter"
"wldi","waldi","weldi","my son"
"lwalid","","","father"
"lwalida","","","mother"
"baba","bba","","dad"
"mama","mmi","","mom"
"khouya","5ouya","khoya","my brother"
"khti","5ti","","my sister"
"3mi","aami","3mmi","my uncle"
"3mti","aamti","3mmti","my aunt"
"khali","5ali","","my uncle"
"khalti","5alti","","my aunt"
"kouzan","kozan","","my cousin"
"wld 3mi","wld aami","wld 3mmi","my cousin"
"wld 3mti","wld aamti","wld 3mmti","my cousin"
"wld khali","wld 5ali","","my cousin"
"wld khalti","wld 5alti","","my cousin"
"bnt 3mi","bnt aami","bnt 3mmi","my cousin"
"bnt 3mti","bnt aamti","bnt 3mmti","my cousin"
"bnt khali","bnt 5ali","","my cousin"
"bnt khalti","bnt 5alti","","my cousin"
"zawja","zzawja","","wife"
"lmra","lemra","lamra","wife"
"zawj","zzawj","","husband"
"rrajl","arrajel","rrajal","husband"
"mjwwj","mzwwj","mjawwej","married"
"mjwwja","mzwwja","mjawweja","married"
"3zri","3azri","3ezri","single"
"ddrari","drari","","children"
"khout","5out","","brothers"
"khwatat","5watat","","sisters"
"walidin","","","parents"
"khwal","5wal","","uncles"
"3mam","a3mam","","uncles"
"7fid","hfid","7afid","grandchild"
"jdd","jedd","jadd","grandfather"
"jdda","jedda","jadda","grandmother"
"nsab","nsaab","","family-in-law"
"n1","n2","n3","n4","eng"
"ifri9ia","ifriqia",,,"africa"
"mghrib","maghrib",,,"morocco"
"mrrakch","mrrakech","mrrakach",,"marrakech"
"rbaT",,,,"rabat"
"europa","oroppa",,,"europe"
"kaza","casa",,,"casablanca"
"Tanja",,,,"tangier"
"ssa3oudia",,,,"saudi arabia"
"9atar",,,,"qatar"
"imarat",,,,"emirates"
"dzair",,,,"algeria"
"fransa",,,,"france"
"Sbania",,,,"spain"
"brT9iz","lbart9iz",,,"portugal"
"bortoghal",,,,"portugal"
"almania",,,,"germany"
"swisra","souisra",,,"switzerland"
"japoun",,,,"japan"
"mirikan",,,,"united states"
"ngliz","negliz","ingliz",,"united kingdom"
"bljika","beljika","baljika",,"belgium"
"talyan","talian",,,"italy"
"misr","misra","mesr",,"egypt"
"touns",,,,"tunisia"
"moritania","mouritania",,,"mauritania"
"jam3lfna","jam3 lafna",,,"Jemaa el-Fnaa square"
"blasa",,,,"place"
"khariTa","5ariTa",,,"map"
"l3alam","3alam",,,"world"
"sbiTar",,,,"hospital"
"filistin","filistine",,,"palestine"
"fransawia","fransawya",,,"french"
"sblyonia","sbalyonia","sbelionia","sbalionia","spanish"
"boSTa","bouSTa","lboSTa",,"post office"
"mn","men",,,"from"
"lkharij","l5arij",,,"abroad"
"maTar",,,,"airport"
"faDa2",,,,"space"
"mrrikh","lmrrikh","marrikh",,"mars"
"9amar","l9amar","qamar",,"moon"
"3onwan",,,,"address"
"mirikani",,,,"american"
"finmma","finemma","finamma",,"anywhere"
"llor","llour",,,"back"
"gddam","goddam",,,"front"
"mkhbaza","makhbaza",,,"bakery"
"t7t","ta7t","te7t",,"bellow"
"7odoud",,,,"borders"
"chinwa",,,,"china"
"chinwi",,,,"chinese"
"3rbi","3arbi","3erbi","3arabi","arab"
"younan","yonan",,,"greece"
"blad","bilad",,,"country"
"dawla","doula","dola","dowla","country"
"frmasian","frmacian","frmasyan",,"pharmacy"
"mdina","madina",,,"city"
"firma",,,,"farm"
"chr9","cher9","char9",,"east"
"ghrb","gherb","gharb",,"west"
"chamal",,,,"north"
"janoub","janob",,,"south"
"mnTa9a","manTa9a","menTa9a",,"region"
"3aSima","3aaSima",,,"capital"
"kawkab","kaoukab",,,"planet"
"ma7TTa","ma7aTTa","ma7eTTa","mahtta","station"
"7anout","7anot",,,"shop"
"9aarra","9arra","qaarra",,"continent"
"chari3","chaari3",,,"street"
"Tri9","Tre9",,,"road"
"lotorot","lotorout",,,"highway"
"sikteur","siktour",,,"neighborhood"
"saa7a","sa7a","saaha",,"square"
"9hwa","9ahwa","9ehwa","9a8wa","coffee shop"
"borj",,,,"tower"
"mktaba","mektaba","maktaba",,"library"
"otil","hotel","otel",,"hotel"
"klinik","clinique",,,"clinic"
"pisin","picin","piscine",,"swimming pool"
"tritwar","trotwar","tritouar","trotouar","sidewalk"
"ttija8","ittija8","ttijah","ittijah","direction"
"limn","limen","liman",,"right"
"lisr","lisser","lissar",,"left"
"masafa","massafa",,,"distance"
"misa7a","misaa7a","misaha",,"area"
"sifara",,,,"embassy""n1","n2","n3","n4","eng"
"tania","thania",,,"second"
"d9i9a","daqiqa","da9i9a",,"minute"
"sa3a",,,,"hour"
"yawm","youm","nhar",,"day"
"lbar7","lbare7","lbareh","lbarh","yesterday"
"daba","drok",,,"now"
"lyom","liom","lioma","lyoma","today"
"ghdda","ghedda","ghadda",,"tomorrow"
"wellbar7","wallbare7","wllbare7",,"the day before yesterday"
"b3d ghdda","ba3d ghdda","be3d ghdda",,"the day after tomorrow"
"simana","semana",,,"week"
"ch8r","ch8ar","chher","chhar","month"
"3am",,,,"year"
"9rn","9arn","9ern","qarn","century"
"tnin",,,,"monday"
"tlat","ttlat",,,"tuesday"
"larb3","larba3","larbe3",,"wednesday"
"lkhmis","l5miss","lakhmis","lekhmis","thursday"
"jm3a","jam3a","jem3a",,"friday"
"sbt","sebt","sabt","ssebt","saturday"
"l7d","l7ed","l7add","l7ad","sunday"
"wikand","sebt w l7ed",,,"weekend"
"yanayir",,,,"sunday"
"fibrayr","fibrayer",,,"february"
"mars",,,,"march"
"abril",,,,"april"
"may",,,,"may"
"yonyo",,,,"june"
"yolyoz","youlyouz",,,"july"
"ghocht",,,,"august"
"chotanbir",,,,"september"
"oktoubr","oktobr",,,"october"
"nowanbir",,,,"november"
"dojanbir","doujanbir",,,"december"
"w9t","wa9t","we9t",,"time"
"7aDir","7aDer","7aDr",,"present"
"most9bal","mosta9bal","mostaqbal","mostqbal","future"
"maDi","maaDi",,,"past"
"llarob","llaroub",,,"quarter to"
"o 9sem","o9sem","oqsem",,"five past"
"o 9smayn","o9smayn","oqsmayn",,"ten past"
"o rb3","orb3","orba3",,"quarter past"
"o ness","oness","onss","onass","half past"
"o sb3 9sam","osb39sam","o sbaa qsam","o sba3 9sam","thirty five past"
"9ll toulout","9ll tolot",,,"twenty to"
"9ll 9smayn","9ll9smayn",,,"ten to"
"9ll 9sm","9ll9sm",,,"five to"
"mn","men",,,"since"
"revey","rrevey",,,"alarm"
"lil","llil","lile",,"night"
"Sba7","Sbah",,,"morning"
"3chia","aachia",,,"evening"
"wst nhar","wstnhar",,,"midday"
"maw3id","mou3id",,,"appointment"
"ftra","fatra","fetra",,"period"
"magana","sa3a",,,"clock"
"dima",,,,"always"
"3adatan","3aadatan",,,"usually"
"naadiran","nadiran",,,"rarely"
"monasaba","mounasaba","monaasaba",,"occasion""n1","n2","n3","n4","n5","n6","eng"
"kla","","","","","","eat"
"chrb","chreb","","","","","drink"
"dkhel","dkhl","dkhal","d5el","d5l","d5al","enter"
"khrj","khraj","khrej","5rj","5raj","5rej","go out"
"fhem","fhm","fham","f8em","f8m","f8am","understand"
"chr7","chra7","chre7","chrh","chreh","chrah","explain"
"9ra","qra","","","","","learn"
"9rra","9erra","qrra","qerra","","","teach"
"sm3","sme3","sma3","","","","hear"
"chaf","chaaf","","","","","see"
"chm","chemm","chmm","chem","","","smell"
"da9","daq","","","","","taste"
"9as","qas","","","","","touch"
"mcha","","","","","","go"
"ja","","","","","","come"
"tl3","tla3","tle3","","","","ascend"
"nzl","nzel","","","","","go down"
"3am","","","","","","swim"
"ghr9","ghra9","ghre9","","","","drown"
"lbs","lbes","","","","","wear"
"slt","slet","slat","","","","take off"
"chra","","","","","","buy"
"ba3","baa3","","","","","sell"
"ttawa","","","","","","bargain"
"ktb","kteb","","","","","write"
"ms7","msa7","msah","msh","","","clean"
"drab","dreb","","","","","hit"
"tsalm","tsalem","","","","","salute"
"3ya","3ia","","","","","fatigue"
"tskhskh","tsakhsakh","tsa5sa5","ts5s5","tsekhsekh","","exhaust"
"D7k","D7ek","D7ak","","","","laugh"
"ghdb","ghdab","","","","","anger"
"jab","","","","","","bring"
"kan","","","","","","was"
"dar","","","","","dir","do"
"gal","","","","","","say"
"3ndo","3ando","3endo","","","","have"
"chedd","chdd","","","","","get"
"fkkr","fkker","fkkar","","","","think"
"ba","bgha","","","","","want"
"l9a","lqa","","","","","find"
"3Ta","","","","","","give"
"khdm","khdam","khdem","5dem","5dam","","work"
"3yeT","3ayyaT","3eyyeT","","","","call"
"khass","5ass","khess","","","","need"
"7ess","7ass","hass","","","","feel"
"wlla","wella","","","","","become"
"7TT","7aTT","7aT","hatt","","","put"
"3na","","","","","","mean"
"bda","","","","","","begin"
"khss","","","","","","should"
"l9a","lga","lqa","","","","find"
"3jb","3jeb","3jab","","","","like"
"khbr","khber","5br","5ber","","","tell"
"3awn","3awen","aawen","","","","help"
"3t9","3te9","","","","","help"
"wjjd","wjjed","wajjad","","","","prepare"
"2amn","aamn","","","","","believe"
"7awl","7awel","hawel","","","","try"
"jrrb","jarreb","jerreb","","","","try"
"swwl","swwel","sawwel","","","","ask"
"tfkkr","tfekker","tfakkar","","","","remember"
"mcha","","","","","","leave"
"byyen","beyyen","biyyen","","","","show"
"l3b","l3eb","l3ab","","","","play"
"jra","","","","","","run"
"jrra","jerra","jarra","","","","run"
"9ra","qra","","","","","read"
"bda","","","","","","start"
"sala","","","","","","finish"
"9TT3","9aTTe3","qattaa","","","","cut"
"8Dr","8Der","8Dar","hDar","hder","","talk"
"chker","chkar","chkor","","","","thank"
"bddel","bddal","","","","","change"
"kmmel","kmmal","","","","","continue"
"ftarD","","","","","","suppose"
"tmnna","tmenna","","","","","wish"
"tb3","tbe3","tba3","","","","follow"
"9bl","9bel","9bel","","","","accept"
"rfD","rfaD","rfeD","","","","reject"
"w93","w9e3","w9e3","","","","happen"
"gls","gles","glas","","","","sit down"
"rb7","rbe7","rba7","","","","win"
"zad","","","","","","add"
"t3llm","t3allam","t3ellem","","","","learn"
"tsnna","","","","","","wait"
"sifT","SifT","","","","","send"
"ba3","baa3","","","","","sell"
"chra","","","","","","buy"
"7ell","7all","","","","","open"
"bna","","","","","","build"
"khtar","5tar","","","","","choose"
"wSl","wSal","wSel","","","","reach"
"9rrer","9arrar","9arrer","","","","decide"
"nchT","nchaT","ncheT","","","","enjoy"
"tfrrj","itfrrej","tfarraj","","","","watch"
"khsr","khsar","khser","5ser","","","lose"
"tmchcha","tmecha","","","","","walk"
"kbbr","kebber","kabber","","","","raise"
"tkhyyl","tkheyyel","tkhayel","t5ayyal","","","imagine"
"sbbeb","sabbeb","","","","","cause"
"8rrs","harrass","8arres","","","","break"
"sme3","smaa","sma3","","","","listen"
"kbr","kber","","","","","grow"
"mat","","","","","","die"
"twffa","tweffa","toueffa","","","","die"
"zar","zaar","","","","","visit"
"chjje3","chajja3","","","","","encourage"
"7ama","hama","","","","","protect"
"nchr","ncher","nchar","","","","spread"
"9tl","9tal","9tel","qtel","","","kill"
"sag","Sag","Saag","saag","","","drive"
"kdb","kdeb","kdab","","","","lie"
"t9aj7","t9aje7","tqajeh","","","","argue"
"7yyed","7ayyad","7ayyed","","","","remove"
"ddabz","","","","","","fight"
"3mmr","3emmer","3emmar","","","","fill"
"safr","saafr","","","","","travel"
"7Dr","7Dar","7Der","","","","attend"
"9sse7","9ssa7","","","","","hurt"
"3ana","3aana","","","","","suffer"
"zgl","zguel","zgal","","","","miss"
"l9a","","","","","","discover"
"lga","","","","","","discover"
"3bbr","3bber","3bbar","","","","express"
"rkkz","rekkez","rakkaz","","","","concentrate"
"la7","","","","","","throw"
"Sawb","Saweb","","","","","prepare"
"9ra","qra","","","","","study"
"df3","dfe3","dfaa","","","","push"
"wrrk","werrek","","","","","press"
"wSl","wSel","wSal","","","","arrive"
"Sona","Souna","","","","","ring"
"jm3","jme3","jma3","","","","collect"
"8rb","8reb","8rab","hrab","","","escape"
"r77b","r77eb","r77ab","rahhab","","","welcome"
"3wwl","3owwel","3awwel","3wwel","","","rely"
"ta9","taq","","","","","trust"
"3awd","3awed","3awad","aawd","","","repeat"
"khTTeT","khaTTeT","5aTTeT","","","","plan"
"frch","frech","frach","","","","reveal"
"2kkd","2akkad","akked","","","","confirm"
"kr8","kre8","","","","","hate"
"tjwj","tjwwej","tjawwaj","","","","marry"
"9sm","9sam","9sem","","","","split"
"tbnna","tbenna","tbanna","","","","adopt"
"tja8l","tjahl","tja8el","","","","ignore"
"3rrf","3rref","3erref","3arraf","3arref","3arrf","define"
"9ddm","9ddem","","","","","introduce"
"ttrina","trina","","","","","exercise"
"br8n","ber8en","bar8an","bar8en","","","demonstrate"
"9n3","9ne3","9na3","","","","persuade"
"9ll3","9elle3","9alle3","","","","guess"
"Swwt","Sawwt","Sawwat","Sawwet","","","vote"
"nkr","nker","nkar","","","","deny"
"khbba","khebba","khabba","5ebba","","","hide"
"nj7","nje7","nja7","","","","succeed"
"Tlb","Tleb","Tlab","","","","demand"
"3tarf","3taref","aataref","","","","recognize"
"7sb","7seb","hseb","","","","count"
"ntama","intami","","","","ntami","belong"
"chekk","chakk","","","","","doubt"
"ghnna","ghenna","ghanna","","","","sing"
"nwa","","","","","","intent"
"brrer","berrer","barrar","barrer","","","justify"
"daf3","daaf3","","","","","defend"
"z3m","z3em","z3am","","","","dare"
"tsara7","","","","","","rest"
"7km","7kem","7kam","hkem","","","judge"
"chark","chaark","","","","","participate"
"ghsl","ghsel","ghsal","","","","wash"
"la7D","","","","","","observe"
"khddm","khddem","5ddem","","","","employ"
"jm3","jme3","jma3","","","","combine"
"l77","le77","","","","","insist"
"tla7","tlah","","","","","jump"
"Tyyb","Tyyeb","","","","","cook"
"bka","","","","","","cry"
"n3s","n3es","","","","","sleep"
"fa9","faq","","","","","wake up"
"jm3","jme3","jma3","","","","gather"
"nsa7b","nsahab","nsa7ab","nsa7eb","","","withdraw"
"7ll","7ell","7all","","","","resolve"
"khbr","khber","","","","","inform"
"stalzem","","","","","","imply"
"tsllf","tsellef","tsallaf","","","","borrow"
"swwl","sowwel","swwel","","","","question"
"khaTr","5aTer","","","","","risk"
"sm7","sme7","sma7","","","","permit"
"sam7","same7","sameh","","","","forgive"
"9tar7","9tare7","9tara7","","","","propose"
"7tafl","7tafel","7tafal","","","","celebrate"
"Dyy3","Dyye3","Dyya3","","","","waste"
"ghbr","ghber","ghbar","","","","disappear"
"tw993","twe99a3","twe99e3","","","","predict"
"ngr","ngor","nguer","","","","complain"
"9bT","9baT","9beT","qbaT","","","catch"
"gbD","gbeD","gbaD","","","","catch"
"naD","naaD","","","","","get up"
"daz","daaz","","","","","pass"
"7bes","7bas","hbas","hbes","","","stop"
"9yyd","9ayyad","9eyyed","","","","note"
"wllf","wellef","wllaf","wallaf","","","used to"
"khllT","khallaT","khelleT","","","","mix"
"gyyd","gyyed","","","","","mislead"
"7rg","7reg","7rag","","","","burn"
"7r9","7re9","7ra9","","","","burn"
"staghl","staghell","staghall","","","","exploit"
"kma","","","","","","smoke"
"7ddr","7edder","7addar","","","","warn"
"baas","bas","","","","","kiss"
"3ln","3len","3lan","","","","announce"
"khtabr","5taber","khtabar","","","","evaluate"
"tnffs","tneffes","tnaffas","","","","breathe"
"fat","faat","","","","","exceed"
"Saad9","Saade9","","","","","approve"
"7tell","7tall","","","","","occupy"
"7arrar","7errer","7arrer","","","","free"
"btasm","btasem","btassem","btassam","","","smile"
"7fr","7fer","7far","hfer","hfar","","dig"
"7tarm","htarm","7tarem","","","","respect"
"8dded","i8dded","8addad","8added","","","threaten"
"lgha","","","","","","cancel"
"khzn","5zn","khzen","khzan","","","store"
"nDDm","nDDem","naDDam","","","","organize"
"nwwr","nwwer","nwwar","","","","shine"
"7lf","7lef","hlef","","","","swear"
"7lm","7lem","7lam","hlem","","","dream"
"SrT","SreT","SraT","","","","absorb"
"bloka","","","","","","block"
"stab9","stabe9","staba9","","","","anticipate"
"tta8m","tta8em","ttahem","","","","accuse"
"ghwwt","ghwwet","ghowwet","","","","shout"
"2ttr","2atter","2etter","attar","","","affect"
"rttb","rtteb","ratteb","rattab","","","arrange"
"3ta9l","3ta9el","3ta9al","","","","arrest"
"nb7","nba7","nbe7","","","","bark"
"khan","5an","","","","","betray"
"t7aTT","","","","","","bet"
"khtalf","khtalaf","5talef","khtalef","","","differ"
"7tafD","7tafeD","","","","","keep"
"Tar","Taar","","","","","fly"
"ban","","","","","","appear"
"jrr","jarr","jerr","","","","pull"
"df3","dfe3","dfa3","","","","push"
"8zz","hezz","8ezz","","","","lift"
"rj3","rje3","rja3","","","","return"
"Ta7","","","","","","fall"
"3rf","3ref","3raf","","","","know"
"nsa","","","","","","forget"
"wSf","wSef","wSaf","","","","describe"
"trjm","tarjem","terjem","trjam","","","translate"
"w3ed","w3ad","w3d","","","","promise"
"9llb","9elleb","9allab","","","","search"
"7bb","7ebb","","","","","love"
"3ach","3aach","","","","","live"
"skn","sken","skan","","","","live"
"khllS","khalleS","khallaS","","","","pay"
"sdd","sedd","","","","","close"
"w9f","w9ef","w9af","","","","stand up"
"stkhdm","stekhdem","stakhdam","stakhdem","","","use"
"stalm","stalem","","","","","receive"
"fchl","fchel","fchal","","","","fail"
"sbb","sebb","sabb","","","","insult"
"chka","","","","","","complain"
"fD7","fDa7","fDe7","","","","expose"
"3tadr","3tader","3tadar","","","","apologize"
"3nng","3nn9","3nneg","3anna9","","","hug"
"ndm","ndem","","","","","regret"
"t3wwd","t3wwed","t3awwad","t3awwed","","","get used"
"3Tas","3Tes","3Tes","","","","sneeze"
"k7ob","k7eb","","","","","cough"
"2ejjel","ajjal","2ajjal","2jjel","","","postpone"
"t3awn","t3awen","t3aawan","t3awan","","","cooperate"
"tbadl","tbaadel","tbaadl","","","","exchange"
"9aaT3","9aaTe3","9aaTa3","9aT3","","","boycott"
"tTwwe3","TTowe3","taTawwa3","TTowwe3","","","volunteer"
"9oulb","9ouleb","","","","","dupe"
"tjnnb","tjannab","tjenneb","tjanneb","","","avoid"
"8ml","8mel","8mal","","","","neglect"
"tla9a","tlaqa","","","","","meet"
"tjsses","tjassas","","","","","spy"
"nta9m","","","","","","take revenge"
"dfn","dfen","dfan","","","","bury"
"ghlb","ghleb","ghlab","","","","defeat"
"kan","","","","","","be"
"bgha","","","","","","would"
"9der","9dr","","","","","can"
"gdd","guedd","gedd","","","","can"
"imkn","","","","","","may"
"dar","","","","","","make"
"khsso","khesso","","","","","must"
"khda","5da","","","","","take"
"chaf","","","","","","look"
"7TT","7eTT","","","","","set"
"khlla","khella","","","","","let"
"3Ta","","","","","","provide"
"khsso","khesso","","","","","shall"
"ban","","","","","","seem"
"tDmmen","tDemmen","","","","","include"
"t7rrek","t7arrak","","","","","move"
"Dar","Daar","","","","","turn"
"3tabr","3taber","","","","","consider"
"khlla","khella","","","","","allow"
"tmenna","tmnna","","","","","hope"
"ntej","ntj","","","","","produce"
"b9a","","","","","","stay"
"chdd","chedd","","","","","hold"
"to99e3","twe99e3","twe99a3","","","","expect"
"Dmen","Dmn","Dman","","","","ensure"
"8ezz","hezz","","","","","carry"
"3reD","3rD","3raD","","","","offer"
"d3em","d3m","d3am","","","","support"
"hDer","hDr","hDar","8Der","","","speak"
"dwa","","","","","","speak"
"9aad","","","","","","lead"
"b9a","","","","","","remain"
"w9ef","w9af","w9f","","","","stand"
"wgef","wgaf","wgf","","","","stand"
"9tar7","9tare7","","","","","suggest"
"Twwer","Towwer","","","","","develop"
"gles","glas","gls","","","","sit"
"gadd","","","","","","create"
"Sawb","","","","","","create"
"ttaf9","ttafe9","","","","","agree"
"Tbbe9","Tbba9","","","","","apply"
"kowwen","kowwn","kwwn","kwwen","","","form"
"zad","","","","","","increase"
"3bber","","","","","","voice"
"Dyye3","","","","","","spend"
"lta79","","","","","","join"
"n99eS","n99es","n99s","n99S","n99as","","reduce"
"n9ed","n9d","n9ad","","","","save"
"tTelleb","tTallab","tTellab","TTelleb","","","require"
"799e9","h99e9","hqqeq","","","","achieve"
"7bes","","","","","","prevent"
"t3amel","t3aml","t3aamel","","","","deal"
"twaj8","twajh","twajeh","twaje8","","","face"
"ghTTa","gheTTa","","","","","cover"
"Twwer","Towwer","","","","","improve"
"maal","mal","","","","","tend"
"rsem","rsam","","","","","draw"
"t7errek","","","","","","act"
"3zel","3zl","","","","","pick"
"khtar","5tar","khtaar","","","","pick"
"kllef","","","","","","cost"
"swa","","","","","","cost"
"br8en","ber8en","","","","","prove"
"w9e3","w93","w9a3","","","","occur"
"tna9ch","tna9ech","","","","","discuss"
"gabl","gabel","gaabel","gaabl","","","maintain"
"sala","","","","","","end"
"kmmel","kemmel","kammel","kammal","","","end"
"kayn","kayen","","","","","exist"
"9Sed","","","","","","seek"
"9lleb","9elleb","","","","","check"
"nfe3","","","","","","serve"
"9sem","","","","","","share"
"partaja","","","","","","share"
"nche2","nch2","","","","","establish"
"2esses","2assas","asses","","","","establish"
"t7kkem","t7kkm","t7ekkem","t7akkem","","","control"
"jawb","jaweb","","","","","answer"
"7edded","7added","7dded","","","","identify"
"3tana","","","","","","care"
"mkken","mekken","makken","","","","enable"
"Taalb","Taaleb","","","","","claim"
"kseb","ksb","","","","","obtain"
"mttel","mettel","","","","","represent"
"tDemmen","","","","","","contain"
"ghleb","","","","","","beat"
"tchTen","techTen","tchTan","","","","worry"
"t7mmel","t7emmel","","","","","bear"
"sedd","sdd","","","","","shut"
"tsa2el","tsa2l","","","","","wonder"
"naaseb","naasb","","","","","fit"
"t3elle9","t3ll9","","","","","regard"
"7eTT","7TT","","","","","place"
"chmel","","","","","","involve"
"ttaSel","ttaSl","","","","","contact"
"ftarD","ftareD","","","","","assume"
"achaar","","","","","","indicate"
"khdem","khdm","","","","","operate"
"tSerref","","","","","","manage"
"t2e9lem","t2a9lam","t29lm","","","","cope"
"7edded","7dded","","","","","determine"
"3kes","","","","","","reflect"
"achaar","","","","","","refer"
"rbe7","rb7","","","","","gain"
"f7eS","","","","","","examine"
"fDDel","","","","","","prefer"
"3tarf","3taref","","","","","admit"
"redd","rdd","","","","","respond"
"jawb","jaweb","","","","","respond"
"3tamd","3tamed","","","","","depend"
"nja","","","","","","survive"
"la7D","laa7D","","","","","notice"
"ntej","ntj","","","","","result"
"bddel","","","","","","replace"
"kemmel","kmmel","","","","","complete"
"rtaf3","rtafe3","","","","","rise"
"9ddem","9eddem","","","","","present"
"nche2","","","","","","arise"
"achaar","","","","","","point"
"rowwej","","","","","","promote"
"chejje3","chjje3","","","","","promote"
"2edda","2adda","","","","","perform"
"medded","madded","mdded","","","","extend"
"achaar","","","","","","mention"
"khtalef","khtalf","5talf","","","","vary"
"fad","faad","","","","","benefit"
"3aalj","3aalej","","","","","treat"
"3elle9","3lle9","3ll9","","","","hang"
"Tyye7","","","","","","drop"
"bellegh","bllegh","ballagh","","","","report"
"Sbb","Sebb","","","","","cast"
"khtaber","khtabr","","","","","test"
"2emmen","2mmen","","","","","secure"
"Towwel","Towwl","","","","","last"
"waaf9","","","","","","match"
"9dder","9edder","","","","","assess"
"saa8em","sa8em","saa8m","saahem","sahem","","contribute"
"medd","","","","","","supply"
"3len","","","","","","state"
"9dder","9edder","","","","","appreciate"
"rtabeT","rtabT","","","","","relate"
"tghelleb","","","","","","overcome"
"tkhelleS","","","","","","rid"
"7awel","7aawel","7awl","","","","attempt"
"7tafD","","","","","","retain"
"tkellef","","","","","","handle"
"jdeb","","","","","","attract"
"saa3d","sa3d","","","","","assist"
"3awen","3aawen","3awn","","","","assist"
"2etter","2tter","","","","","influence"
"7edded","","","","","","mark"
"fkker","","","","","","recall"
"sina","","","","","","sign"
"khaf","","","","","","fear"
"lSe9","lse9","","","","","stick"
"swwa","","","","","","settle"
"rigl","","","","","","settle"
"9aaren","9aren","","","","","compare"
"7seb","7sb","","","","","account"
"7e99e9","","","","","","investigate"
"n99a","","","","","","clear"
"sjjel","sejjel","","","","","record"
"chjjel","chjjl","","","","","record"
"ktachf","ktachef","","","","","explore"
"laam","lam","","","","","blame"
"3ber","","","","","","cross"
"3a9","","","","","","realize"
"rkkez","rekkez","","","","","focus"
"wSSel","wSSl","","","","","deliver"
"chre3","","","","","","proceed"
"z3ej","","","","","","bother"
"brzeT","berzeT","","","","","bother"
"rfeD","rfaD","","","","","refuse"
"freD","fraD","","","","","force"
"3ta9ed","3ta9d","","","","","reckon"
"ban","","","","","","emerge"
"3zem","","","","","","intend"
"nSe7","nS7","","","","","advise"
"ktaseb","ktasb","","","","","acquire"
"strje3","sterje3","","","","","recover"
"nche2","","","","","","generate"
"tmiyyez","","","","","","distinguish"
"chtabe8","chtab8","","","","","suspect"
"kseb","ksb","","","","","earn"
"mowwel","","","","","","finance"
"8dem","8dm","","","","","destroy"
"tbe3","tb3","","","","","pursue"
"3elle9","","","","","","comment"
"rDa","","","","","","satisfy"
"tnafs","tnaafs","tnafes","","","","compete"
"9aawem","9aawm","9awm","","","","resist"
"laa2em","la2em","","","","","suit"
"khaaTeb","","","","","","address"
"7ell","","","","","","solve"
"bddel","","","","","","alter"
"freD","frD","","","","","impose"
"3reD","","","","","","display"
"naachd","","","","","","appeal"
"Tle9","","","","","","release"
"frez","","","","","","sort"
"rtteb","retteb","","","","","sort"
"khtar","","","","","","select"
"3ber","","","","","","measure"
"wSSa","weSSa","","","","","recommend"
"Tleb","","","","","","order"
"2amer","","","","","","order"
"n9el","","","","","","transfer"
"8jem","hjem","","","","","attack"
"twesse3","ttosse3","","","","","expand"
"tkerkeb","tkrkb","","","","","roll"
"nfajer","nfajr","","","","","burst"
"t3e88ed","","","","","","undertake"
"tsara7","","","","","","relax"
"tSerref","","","","","","behave"
"dkker","","","","","","remind"
"fekker","fkker","","","","","remind"
"raaj3","","","","","","review"
"n8ej","","","","","","approach"
"rejje3","rjje3","","","","","restore"
"Sder","","","","","","issue"
"Sag","","","","","","ride"
"chkkel","chekkel","","","","","constitute"
"gleb","","","","","","switch"
"derreb","drreb","","","","","train"
"stetmer","","","","","","invest"
"khTa","","","","","","step"
"7edd","","","","","","limit"
"weDDe7","","","","","","illustrate"
"mlek","","","","","","own"
"3aalj","3alj","3alej","","","","tackle"
"t7edda","","","","","","challenge"
"chaf","","","","","","view"
"mlek","","","","","","possess"
"7aawer","7awr","7awer","","","","communicate"
"tselle9","tsll9","","","","","climb"
"fSel","","","","","","separate"
"7aafD","","","","","","preserve"
"nffed","neffed","","","","","implement"
"7wwel","7owwel","","","","","shift"
"a9arr","","","","","","acknowledge"
"stentej","stntj","","","","","conclude"
"tira","","","","","","shoot"
"mtatel","mtatl","","","","","comply"
"7essen","","","","","","enhance"
"ra9b","raa9b","","","","","monitor"
"gabl","gaabl","gabel","gaabel","","","monitor"
"chra","","","","","","purchase"
"charja","","","","","","charge"
"b7et","","","","","","research"
"bgha","","","","","","aim"
"stow3eb","sto3eb","sto3b","","","","accommodate"
"chTe7","chT7","","","","","dance"
"fa9","","","","","","wake"
"Slla","Sella","","","","","pray"
"dowwer","","","","","","telephone"
"marka","","","","","","score"
"zle9","zl9","","","","","slip"
"rtakb","rtakeb","","","","","commit"
"kchef","","","","","","detect"
"steb3ed","stb3ed","steb3ad","","","","exclude"
"3der","","","","","","excuse"
"fsser","","","","","","interpret"
"ncher","","","","","","publish"
"laa9a","la9a","","","","","link"
"tfawD","","","","","","negotiate"
"7ellel","","","","","","analyze"
"smma","semma","","","","","name"
"mtedd","","","","","","stretch"
"t9elle9","t9lle9","t9alle9","","","","upset"
"2e88el","","","","","","qualify"
"khsser","khesser","5esser","","","","damage"
"Tle9","","","","","","launch"
"bda","","","","","","launch"
"Sbegh","Sbgh","Sbagh","","","","paint"
"7edded","","","","","","specify"
"mne7","","","","","","grant"
"sellef","","","","","","lend"
"bna","","","","","","construct"
"tfa3l","tfaa3l","tfa3el","","","","react"
"sta7e99","sta799","","","","","deserve"
"tre22es","tr22s","tre22s","tr22es","","","head"
"wjje8","","","","","","direct"
"8beT","","","","","","land"
"9aad","","","","","","conduct"
"tkebbed","","","","","","sustain"
"sifT","","","","","","submit"
"tkowwen","","","","","","consist"
"3Sef","","","","","","blow"
"rched","","","","","","guide"
"9ne3","","","","","","convince"
"maars","mares","maares","","","","practice"
"9wwa","","","","","","strengthen"
"do99","d99","","","","","knock"
"3reD","","","","","","invite"
"tkhella","tkhlla","","","","","abandon"
"jaweb","","","","","","reply"
"7errek","7rrek","7rrk","","","","shake"
"Sle7","","","","","","fix"
"tDaa8er","","","","","","pretend"
"chawer","","","","","","consult"
"9sem","","","","","","divide"
"nkhareT","nkharT","","","","","engage"
"7e99e9","","","","","","fulfill"
"7kem","","","","","","rule"
"3aalj","3alj","3aalej","","","","process"
"jab","","","","","","fetch"
"n9el","","","","","","convey"
"dfe3","","","","","","thrust"
"jessed","jssd","jssed","","","","incorporate"
"7Ser","","","","","","restrict"
"steb3ed","stb3ed","","","","","eliminate"
"zowwel","zwwel","","","","","eliminate"
"lgha","","","","","","eliminate"
"7owwel","7wwel","","","","","convert"
"t9a3d","t9a3ed","","","","","retire"
"DbeT","","","","","","adjust"
"3ddel","","","","","","adjust"
"s88el","","","","","","ease"
"kobb","","","","","","pour"
"Sebb","","","","","","pour"
"nsej","","","","","","knit"
"d3em","","","","","","back"
"Trassa","","","","","","trace"
"sejjel","sjjel","","","","","register"
"7seb","7sb","hseb","hsb","","","calculate"
"7ffez","7affez","7effez","","","","stimulate"
"Tbe3","","","","","","print"
"imprima","","","","","","print"
"twetter","totter","twatter","","","","stress"
"3yyen","3iyyen","","","","","appoint"
"tdkhkhel","tdekhel","tdkhl","tdekhkhel","tde55el","td55l","interfere"
"3tarD","3tareD","","","","","object"
"9wwa","9owwa","","","","","boost"
"dfe3","","","","","","boost"
"ysser","yesser","","","","","facilitate"
"s88el","se88el","sehhel","","","","facilitate"
"7taj","","","","","","lack"
"7bes","","","","","","cease"
"nffed","neffed","","","","","enforce"
"t2e9lem","t2a9lam","t29lm","t2e9lm","","","adapt"
"3god","3gd","3ged","3gued","","","tie"
"9tabs","","","","","","quote"
"syTer","siyTer","syTr","","","","dominate"
"frg3","ferge3","","","","","pop"
"3jeb","","","","","","please"
"Semmem","Sammem","Smmem","","","","design"
"tdkhkhel","tdekhel","tdkhl","tdekhkhel","tde55el","td55l","intervene"
"Tlle3","Tll3","Telle3","","","","yield"
"sta9al","sta9aal","","","","","resign"
"t8ejja","","","","","","spell"
"7errek","7rrk","7rrek","","","","stir"
"khSSeS","kheSSeS","","","","","spare"
"9dder","9edder","","","","","estimate"
"Dreb","Drb","","","","","kick"
"rkel","rkl","","","","","kick"
"3dded","3edded","","","","","list"
"lbes","lbs","","","","","dress"
"3len","3ln","","","","","declare"
"diklara","","","","","","declare"
"2ekked","2kked","akked","","","","assure"
"stamdd","","","","","","derive"
"dkhel","","","","","","access"
"2ejjel","2jjel","ajjel","","","","delay"
"wDDe7","weDDe7","wDD7","","","","clarify"
"n9el","n9l","n9ol","","","","copy"
"nsekh","nskh","nse5","","","","copy"
"fDDel","fDDl","","","","","favor"
"medd","mdd","","","","","hand"
"9beT","9bT","9baT","","","","capture"
"3zzez","","","","","","reinforce"
"7owwel","7wwl","7wwel","","","","transform"
"fhem","f8em","","","","","perceive"
"khdem","","","","","","function"
"ghaader","ghadr","ghader","","","","quit"
"raaf9","raafe9","raf9","","","","accompany"
"mowwel","mmwel","mwwl","","","","fund"
"jme3","","","","","","pack"
"S77e7","Se77e7","","","","","correct"
"ab7ar","","","","","","sail"
"3owweD","","","","","","compensate"
"sre9","sr9","sra9","","","","steal"
"chfer","chfr","chfar","","","","steal"
"9owweD","","","","","","undermine"
"mtedd","","","","","","range"
"3aareD","3arD","3aarD","","","","oppose"
"7edded","","","","","","locate"
"zreb","zrb","zrab","","","","hurry"
"ncher","nchr","","","","","broadcast"
"9aaDaa","","","","","","sue"
"miza","","","","","","bid"
"Dowwa","Dwwa","","","","","light"
"tbaT2","tbaaTe2","tbaaT2","","","","slow"
"8emm","","","","","","concern"
"rfeD","","","","","","dismiss"
"rkkez","","","","","","highlight"
"Sle7","","","","","","repair"
"Taabe9","Taab9","Tab9","","","","conform"
"rbeT","","","","","","attach"
"zrreb","zrrb","","","","","rush"
"ghre9","","","","","","sink"
"ntaz3","","","","","","grab"
"kalma","","","","","","calm"
"7tejj","7tjj","","","","","protest"
"waazen","wazn","waazn","","","","balance"
"Tleb","","","","","","beg"
"tbbet","tebbet","","","","","install"
"Towwer","","","","","","advance"
"Tred","","","","","","fire"
"3awn","3aawn","3aawen","3awen","","","aid"
"tdffe9","","","","","","flow"
"jerr","jrr","","","","","drag"
"tTaab9","tTab9","","","","","correspond"
"chkkel","","","","","","pose"
"tt3jeb","","","","","","admire"
"khffef","","","","","","relieve"
"3kes","","","","","","reverse"
"ddabz","","","","","","combat"
"ndamj","ndamej","","","","","integrate"
"mattaf9ch","","","","","","disagree"
"ttaSel","","","","","","connect"
"7iyyen","","","","","","update"
"ghiyyer","","","","","","modify"
"khtar","","","","","","opt"
"amer","2amer","","","","","command"
"mtatel","mtatl","","","","","obey"
"stkhrej","stekhrej","stakhrej","stakhraj","","","extract"
"3aarD","","","","","","counter"
"ste2nef","st2nf","sta2nef","","","","resume"
"chedd","","","","","","grasp"
"stow3eb","stou3eb","sto3eb","stou3b","stow3b","","grasp"
"tze3lel","tz3lel","","","","","swing"
"sllem","sellem","","","","","render"
"zreb","","","","","","speed"
"waaj8","wajh","waajh","waj8","","","confront"
"mne3","","","","","","ban"
"mse7","","","","","","wipe"
"Doubl","Dobl","Double","","","","double"
"chtamel","chtaml","","","","","comprise"
"ch8ed","","","","","","witness"
"ghres","","","","","","plant"
"jzem","","","","","","assert"
"kchef","","","","","","disclose"
"3Ser","3Sr","","","","","squeeze"
"bjegh","bjgh","bjagh","","","","squeeze"
"rbeT","","","","","","bind"
"Derr","","","","","","harm"
"2aada","aada","ada","","","","harm"
"tla9a","","","","","","encounter"
"Tleb","","","","","","request"
"3aana","","","","","","struggle"
"khddem","","","","","","hire"
"khbba","khebba","","","","","conceal"
"khddem","","","","","","recruit"
"t3awen","t3awn","","","","","co-operate"
"sre7","","","","","","wander"
"chdded","chedded","","","","","emphasize"
"3ber","","","","","","weigh"
"wzen","","","","","","weigh"
"tzaamn","tzamn","tzamen","tzaamen","","","coincide"
"7na","","","","","","bend"
"nDDem","","","","","","regulate"
"n9ed","","","","","","rescue"
"rffe8","","","","","","entertain"
"twe99e3","","","","","","forecast"
"f7eS","","","","","","inspect"
"Sdder","","","","","","export"
"le77","","","","","","urge"
"stentej","","","","","","induce"
"sedd","","","","","","lock"
"3reD","","","","","","exhibit"
"skhkhen","skhen","s55en","","","","warm"
"dffa","deffa","","","","","warm"
"3tarf","","","","","","confess"
"sme7","","","","","","tolerate"
"Tmmer","","","","","","tolerate"
"tselle9","","","","","","mount"
"mse7","","","","","","brush"
"ntej","","","","","","reproduce"
"khDe3","","","","","","undergo"
"b8er","","","","","","impress"
"nkhafD","","","","","","decline"
"frek","","","","","","rub"
"wkkel","","","","","","cater"
"dar","","","","","","tour"
"wzze3","","","","","","distribute"
"7ess","","","","","","sense"
"khlleS","","","","","","repay"
"rjje3","","","","","","regain"
"sta3aad","","","","","","regain"
"9ellel","","","","","","minimize"
"w99ef","","","","","","halt"
"chkkel","","","","","","shape"
"z3ej","","","","","","disturb"
"3eDD","3aDD","3DD","","","","bite"
"t9ddem","","","","","","progress"
"kerres","karres","krrs","","","","devote"
"stafzz","stafezz","","","","","provoke"
"Tem2en","","","","","","reassure"
"t2emmel","","","","","","contemplate"
"7dder","","","","","","alert"
"tfa3el","tfa3l","","","","","interact"
"skhkhen","skhen","","","","","heat"
"btaker","","","","","","devise"
"7kem","","","","","","govern"
"3aan9","3an9","","","","","embrace"
"3zza","","","","","","comfort"
"7jez","","","","","","seize"
"dowweb","","","","","","melt"
"zad","","","","","","supplement"
"ttekka","","","","","","lean"
"Tbbe9","","","","","","exert"
"7tars","7tares","","","","","beware"
"tchab8","tchaab8","tchabh","tchabeh","tchabe8","","resemble"
"mne3","","","","","","abolish"
"tjowwej","tjwwj","tjowej","tzowej","tzwwj","","wed"
"8rres","","","","","","crack"
"9me3","","","","","","suppress"
"gabl","","","","","","guard"
"faje2","faaj2","faj2","faaje2","","","surprise"
"tredded","","","","","","hesitate"
"ch7en","","","","","","load"
"sreT","","","","","","swallow"
"bda","","","","","","initiate"
"Tfaa","","","","","","float"
"2etter","","","","","","effect"
"t7ekkem","","","","","","manipulate"
"rde3","","","","","","deter"
"rtabeT","","","","","","associate"
"adaar","","","","","","administer"
"9tel","","","","","","murder"
"taabr","","","","","","persist"
"7eyya","","","","","","greet"
"dmme3","","","","","","tear"
"Taared","","","","","","hunt"
"fsed","","","","","","spoil"
"sTTer","","","","","","line"
"baark","","","","","","bless"
"khtar9","","","","","","penetrate"
"Daa3ef","","","","","","multiply"
"dmej","","","","","","merge"
"derreb","","","","","","coach"
"jeff","jffef","","","","","drain"
"stenzef","stnzef","","","","","drain"
"kfa","","","","","","suffice"
"ftarD","","","","","","presume"
"Syyed","","","","","","fish"
"t9dda","","","","","","shop"
"tsab9","","","","","","race"
"chrref","","","","","","honor"
"jemmed","","","","","","freeze"
"daawa","","","","","","cure"
"3alj","","","","","","cure"
"tbadel","","","","","","swap"
"t7emmel","","","","","","endure"
"Taard","","","","","","chase"
"ste8lek","","","","","","consume"
"khcha","","","","","","insert"
"tsenna","","","","","","await"
"njarf","","","","","","drift"
"bddel","","","","","","substitute"
"steslem","","","","","","surrender"
"ziyyer","","","","","","wind"
"9elleS","","","","","","contract"
"miyyez","","","","","","differentiate"
"3len","","","","","","advertise"
"Saal7","","","","","","reconcile"
"tSowwer","","","","","","project"
"nsse9","","","","","","co-ordinate"
"frg3","","","","","","snap"
"l3en","","","","","","damn"
"Teyyeb","","","","","","bake"
"Twa","","","","","","fold"
"tnazl","","","","","","concede"
"jdded","","","","","","renew"
"Saagh","","","","","","formulate"
"khelleT","","","","","","confuse"
"7edd","","","","","","maximize"
"mse7","","","","","","sweep"
"wjjeh","","","","","","steer"
"rkkez","","","","","","base"
"tsa8el","","","","","","indulge"
"khffeD","","","","","","decrease"
"7jez","","","","","","reserve"
"rezerva","","","","","","reserve"
"st9bel","","","","","","host"
"tTowwer","","","","","","evolve"
"r3a","","","","","","foster"
"3ggez","","","","","","discourage"
"Towwe9","","","","","","curb"
"khSSeS","","","","","","allocate"
"chref","","","","","","supervise"
"tlacha","","","","","","fade"
"d3em","","","","","","endorse"
"adaan","","","","","","condemn"
"7jez","","","","","","book"
"Sle7","","","","","","reform"
"kmmel","","","","","","complement"
"3a9b","","","","","","punish"
"frg3","","","","","","bang"
"st3reD","","","","","","outline"
"9ellel","","","","","","diminish"
"saad","","","","","","prevail"
"n99ez","","","","","","leap"
"lwa","","","","","","wrap"
"tfa8em","","","","","","compromise"
"n8aar","","","","","","collapse"
"raab","","","","","","collapse"
"7ma","","","","","","safeguard"
"mne3","","","","","","inhibit"
"ghowwet","","","","","","scream"
"twa3d","","","","","","date"
"mse7","","","","","","delete"
"799e9","","","","","","attain"
"kre8","","","","","","dislike"
"tSowwer","","","","","","conceive"
"mla","","","","","","dictate"
"w77ed","","","","","","unite"
"stowred","","","","","","import"
"bna","","","","","","rebuild"
"zda8er","","","","","","flourish"
"nta9ed","","","","","","criticize"
"Tiyyeb","","","","","","boil"
"ghla","","","","","","boil"
"8reb","","","","","","flee"
"bda","","","","","","commence"
"mde7","","","","","","praise"
"blaSa","","","","","","park"
"miyyez","","","","","","discriminate"
"tbe3","","","","","","track"
"Towwe9","","","","","","enclose"
"9aabel","","","","","","interview"
"chedded","","","","","","tighten"
"lowwen","","","","","","color"
"ghaamer","","","","","","venture"
"khemmen","","","","","","speculate"
"9edder","","","","","","speculate"
"ghader","","","","","","depart"
"9aaTe3","","","","","","interrupt"
"mowwe8","","","","","","disguise"
"ntakheb","","","","","","elect"
"t7emmel","","","","","","withstand"
"kbe7","","","","","","restrain"
"nma","","","","","","thrive"
"3awed","","","","","","echo"
"n7arf","","","","","","divert"
"9la","","","","","","fry"
"dab","","","","","","dissolve"
"3ddel","","","","","","edit"
"jmme3","","","","","","assemble"
"khrreb","","","","","","ruin"
"srre3","","","","","","accelerate"
"tSower","","","","","","envisage"
"8enne2","","","","","","congratulate"
"staredd","","","","","","retrieve"
"8beT","","","","","","descend"
"wggef","","","","","","suspend"
"jerreb","jrreb","jrrb","jerrab","","","experiment"
"khle3","","","","","","frighten"
"9oulb","","","","","","fool"
"al8am","","","","","","inspire"
"chaafa","","","","","","heal"
"DbeT","","","","","","master"
"kemmel","","","","","","terminate"
"3ddel","","","","","","amend"
"khdech","","","","","","scratch"
"stelzem","","","","","","entail"
"nffed","","","","","","execute"
"3dem","","","","","","execute"
"wTTed","","","","","","consolidate"
"dowwer","","","","","","round"
"3zel","","","","","","isolate"
"berrer","","","","","","warrant"
"D33ef","","","","","","weaken"
"tmechcha","","","","","","march"
"bgha","","","","","","desire"
"wsse3","","","","","","widen"
"drdech","","","","","","chat"
"rkeb","","","","","","board"
"khtar3","","","","","","invent"
"Sne3","","","","","","manufacture"
"sedd","","","","","","seal"
"raaj3","","","","","","reconsider"
"mSS","","","","","","suck"
"Sowwer","","","","","","picture"
"STadem","","","","","","crash"
"frchekh","","","","","","crash"
"n9el","","","","","","transport"
"bloka","","","","","","plug"
"3iyyen","","","","","","assign"
"stfser","","","","","","inquire"
"Syyed","","","","","","trap"
"dowwer","","","","","","surround"
"tna9ch","","","","","","debate"
"Towwer","","","","","","upgrade"
"zyyen","","","","","","decorate"
"jme3","","","","","","accumulate"
"staghell","","","","","","profit"
"wret","","","","","","inherit"
"khrbe9","","","","","","disrupt"
"khne9","","","","","","choke"
"daaf3","","","","","","plead"
"ghmmes","","","","","","dip"
"chtark","","","","","","subscribe"
"3llem","","","","","","educate"
"Tlle9","","","","","","divorce"
"ghzel","","","","","","spin"
"chowwech","","","","","","obscure"
"tsellel","","","","","","creep"
"7rref","","","","","","twist"
"mzej","","","","","","blend"
"raaj3","","","","","","revise"
"nseb","","","","","","attribute"
"nfajer","","","","","","explode"
"sken","","","","","","dwell"
"khffef","","","","","","alleviate"
"3alj","","","","","","remedy"
"rched","","","","","","instruct"
"tserreb","","","","","","spill"
"f8em","","","","","","comprehend"
"rTTeb","","","","","","soften"
"chiyyer","","","","","","wave"
"sToka","stoka","","","","","stock"
"wDe3","","","","","","position"
"2emmen","","","","","","insure"
"nkharT","","","","","","adhere"
"tchbbet","","","","","","cling"
"sted3a","","","","","","summon"
"wgf","","","","","","pause"
"w9ef","","","","","","pause"
"khwa","","","","","","empty"
"rtteb","","","","","","classify"
"t7emmel","","","","","","afford"
"tsme3","","","","","","sound"
"n99eT","","","","","","grade"
"rje3","","","","","","revert"
"9iyyem","","","","","","value"
"jaaza","","","","","","award"
"kaf7","","","","","","strive"
"bllegh","","","","","","notify"
"Tfa","","","","","","turn off"
"ryye7","riye7","ryy7","","","","sit down"
"ghech","ghechch","ghch","ghach","","","cheat"
"n1","n2","n3","n4","eng"
"khDra","khoDra","5oDra","","vegetables"
"bsla","basla","besla","","onion"
"maticha","matecha","","","tomato"
"jelbana","jlbana","","","pea"
"dnjal","denjal","","","eggplant"
"gar3a","gr3a","","","pumpkin"
"mkowwr","mkowwer","mkowwar","","cabbage"
"btata","batata","","","potato"
"khyar","khiar","5iar","5yar","cucumber"
"khizo","5izo","","","carrot"
"touma","ttouma","","","garlic"
"chiflour","chiflor","","","cauliflower"
"9o9","9ou9","qoq","qouq","artichokes"
"khrchouf","kherchouf","kharchof","khrchof","cardoon"
"flfla","felfla","falfla","","pepper"
"fjl","fjel","","","radishes"
"loubia","lobia","loubya","","beans"
"bsbas","besbas","basbas","","fennel"
"khoss","khos","5oss","5os","lettuce"
"lft","left","laft","","turnip"
"kbal","","","","maize"
"9zbour","9azbour","9ezbor","9zbor","coriander"
"m3dnous","m3adnous","m3ednous","me3dnous","parsley"
"zitoun","zitoune","","","olives"
"barba","","","","beet"
"krafS","krafes","krafas","","celery"
"kourjiT","korjiT","","","courgette"
"khDra","khoDra","","","vegetables"
"dissir","ddissir","ddisser","disser","fruits"
"tfa7","tfah","","","apple"
"bou3ouid","bou3wid","bouaouid","","pear"
"friz","frez","","","strawberry"
"avoka","avoca","lavoka","","avocado"
"3nb","3anb","3enb","","grape"
"krmous","karmous","kermous","","fig"
"limoun","limon","","","orange"
"7amd","hamd","","","lemon"
"rman","rmman","reman","","pomegranate"
"dla7","dela7","dlah","delah","watermelon"
"khoukh","","","","peach"
"kiwi","kioui","","","kiwi"
"7blmlouk","7eb lemlouk","hab lamlouk","heb lemlouk","cherry"
"ananas","","","","pineapple"
"mnoun","","","","melon"
"swi8la","swihla","souihla","","melon"
"banan","banane","","","banana"
"mchmach","mechmach","machmach","","apricot"
"mang","mangue","","","mango"
"mandarine","mandarin","","","mandarin orange"
"tmr","tmar","tmer","","dates"
"br9o9","ber9o9","br9ou9","ber9ou9","plums"
"makla","lmakla","","","food"
"3ds","l3ds","","","lenses"
"loubia","","","","beans"
"nbg","nbag","nbeg","nnbeg","jujube"
"blloT","balloT","","","oak"
"llouz","louz","","","almonds"
"n3na3","naanaa","ne3na3","na3na3","mint"
"zbib","zzbib","","","raisins"
"biD","bayD","","","eggs"
"biDa","bayDa","","","egg"
"zbda","zabda","zebda","","butter"
"khbz","khobz","5obz","","bread"
"mska","maska","meska","","chewing gum"
"skkar","sokkar","skar","sokar","sugar"
"ml7a","mel7a","mal7a","malha","salt"
"zit","zzit","","","oil"
"7mmS","7ammaS","7mmeS","hammeS","chickpeas"
"7rira","hrira","","","soup"
"chlaDa","","","","salad"
"l7m","l7em","l7am","","meat"
"khmira","5mira","","","yeast"
"3jina","","","","dough"
"frmaj","fromaj","formaj","","cheese"
"ch3ria","che3ria","cha3ria","","pasta"
"disir","dicir","dissir","","desserts"
"laglas","laglass","","","ice cream"
"kika","","","","cake"
"3Tria","3aTria","3Trya","3eTria","spices"
"gm7","gam7","guem7","9m7","wheat"
"dgig","d9i9","","","flour"
"ch3ir","","","","barley"
"9rfa","9arfa","9erfa","qarfa","cinnamon"
"kmmon","kmmoun","kammoun","kemmon","cumin"
"9ronfl","9ronfel","9ronfal","","cloves"
"z3fran","z3efran","z3afran","","saffron"
"z3tr","ze3tr","za3ter","z3tar","thyme"
"chrab","","","","drink"
"chchrab","","","","alcohol"
"birra","","","","beer"
"atay","","","","tea"
"7lib","7alib","hlib","","milk"
"3aSir","","","","juice"
"fTor","fTour","","","breakfast"
"ghda","","","","lunch"
"3cha","","","","dinner"
"ma9adir","maqadir","","","ingredients"
"jo3","jou3","","","hunger"
"3Tch","3Tech","3Tach","","thirst"
"rijim","","","","diet"
"cha8ia","cha8iyya","chahia","","appetite"
"mchwi","mechwi","machwi","","grilled"
"m9li","me9li","ma9li","","fried"
"m7mmr","m7ammar","m7emmer","","roasted"
"mgrml","mgermel","mgarmel","mgarmal","crunchy"
"khDr","khDer","khDar","5Dr","raw"
"bnin","bnyn","","","delicious"
"nachf","nachef","nachaf","","dry"
"7lo","7lou","7low","","sweet"
"7arr","","","","spicy"
"marr","morr","","","bitter"
"7amD","7ameD","7amaD","","sour"
"m7roug","m7rog","m7rog","m7ro9","burned"
"lkhell","khell","5ell","","vinegar"
"bTaTa frit","bTaTafrit","","","french fries"
"s99aTa","","","","candy"
"Tajin","Tagine","","",""
"Tanjia","Tnjia","Tnjyya","Tanjyya",""
"bsTila","besTila","basTila","",""
"m7nncha","m7enncha","m7anncha","",""
